time_submitted,age,city,applicant_before,"if applicant before, what program",completed that program,highest education,course,degreeCategory,year_graduated,expected year graduated if still ongoing,postgrad year graduated,expected year graduated if postgrad still ongoing,postgrad degree,monthly net income,monthly gross income,employment status(Employed/Unemployed),job position,career industry,year tenure,position in company,unemployment status if unemployed,last employment(year) if unemployed,salary before being unemployed,job position before being unemployed,career industry before being unemployed,year tenure before being unemployed,Microsoft Excel,Microsoft Power BI,Tableau,Matlab,SQL,Python,R,Java,Stats,eViews,SAS,SPSS,Indicate Other Tools & Programming you know,"In one paragraph, why do you deserve the scholarship slot?"
07/03/2017 11:08,24,Makati,No,,No,Postgrad,Computer Science,IT,2016.0,,,2026.0,Masters in Data Science,,,Unemployed,,,0,,,,,,,,2,4,3,5,5,5,3,4,1,1,4,3,,"This training is a stepping stone for me to transition into data analysis, a field I have always been interested in."
11/25/2024 04:46,39,Cebu,No,,No,Postgrad,Accounting,Business,2016.0,,,2027.0,Masters in Data Science,39523.0,34523.0,Employed,Data Analyst,Education,4,,,,,,,,1,1,1,3,5,2,3,2,3,4,2,1,,"I believe in continuous learning, and this program will provide me with the necessary knowledge to improve my career prospects."
10/04/2022 02:10,22,Davao,No,,No,Postgrad,Civil Engineering,Engineering,2016.0,,,2024.0,Masters in Data Science,43811.0,38811.0,Employed,Software Developer,IT,4,,,,,,,,3,2,4,2,3,2,3,3,4,1,5,4,"Stats, eViews","With this opportunity, I can enhance my skills and use data-driven decision-making to help organizations grow."
08/31/2017 20:58,25,Davao,No,,No,College grad,Computer Science,IT,2021.0,,,,,25446.0,20446.0,Employed,Teacher,Education,0,,,,,,,,4,1,5,3,1,3,4,4,1,4,3,3,"Matlab, R, Python","With this opportunity, I can enhance my skills and use data-driven decision-making to help organizations grow."
08/30/2019 17:09,36,Iloilo,No,,No,College grad,Mechanical Engineering,Engineering,2016.0,,,,,49925.0,44925.0,Employed,Accountant,Education,5,,,,,,,,1,5,5,2,3,1,4,3,4,3,3,1,"Microsoft Power BI, Java, Python","This training is a stepping stone for me to transition into data analysis, a field I have always been interested in."
02/07/2024 18:44,20,Manila,No,,No,College grad,Early Childhood Education,Education,2019.0,,,,,,,Unemployed,,,0,,,,,,,,4,2,2,2,2,3,3,1,1,1,5,3,,I am passionate about data science and eager to learn. This scholarship will allow me to advance my career and contribute to my field.
12/06/2020 13:04,24,Baguio,No,,No,College grad,Software Engineering,IT,2019.0,,,,,42420.0,37420.0,Employed,Teacher,IT,5,,,,,,,,1,1,1,5,1,3,5,4,2,4,5,5,,"Coming from a financially challenged background, I see this as a great opportunity to grow professionally and help others in the future."
04/27/2018 08:07,26,Quezon City,No,,No,College grad,Mechanical Engineering,Engineering,2012.0,,,,,41786.0,36786.0,Employed,Software Developer,Engineering,2,,,,,,,,1,4,2,5,2,5,4,4,2,3,4,1,"Python, R",I am passionate about data science and eager to learn. This scholarship will allow me to advance my career and contribute to my field.
01/02/2025 07:25,35,Davao,No,,No,College grad,Psychology,Social Sciences,2017.0,,,,,47118.0,42118.0,Employed,Teacher,Education,0,,,,,,,,3,2,5,3,4,3,4,5,1,4,1,2,SAS,"This training is a stepping stone for me to transition into data analysis, a field I have always been interested in."
04/21/2024 03:24,23,Manila,No,,No,College grad,Civil Engineering,Engineering,2012.0,,,,,43384.0,38384.0,Employed,Accountant,Health Sciences,5,,,,,,,,5,4,3,2,5,5,1,1,5,4,4,2,,"Coming from a financially challenged background, I see this as a great opportunity to grow professionally and help others in the future."
02/06/2017 21:06,26,Baguio,No,,No,College grad,Medical Technology,Health Sciences,2012.0,,,,,34285.0,29285.0,Employed,Engineer,Health Sciences,2,,,,,,,,5,5,5,5,5,5,1,5,2,3,3,2,SQL,"With this opportunity, I can enhance my skills and use data-driven decision-making to help organizations grow."
01/25/2025 06:41,30,Cagayan de Oro,No,,No,Postgrad,Software Engineering,IT,2016.0,,,2024.0,Masters in Data Science,,,Unemployed,,,2,,,,,,,,3,5,2,4,5,1,5,2,4,1,3,3,Microsoft Excel,"This training is a stepping stone for me to transition into data analysis, a field I have always been interested in."
05/28/2019 08:05,34,Makati,No,,No,College grad,Medical Technology,Health Sciences,2022.0,,,,,45890.0,40890.0,Employed,Nurse,Business,3,,,,,,,,4,5,4,1,2,5,3,3,3,1,4,3,,I am passionate about data science and eager to learn. This scholarship will allow me to advance my career and contribute to my field.
04/29/2023 16:06,34,Cebu,No,,No,Postgrad,Mathematics Education,Education,2016.0,,,2027.0,Masters in Data Science,,,Unemployed,,,4,,,,,,,,5,3,1,4,5,3,4,5,2,5,1,5,"SQL, Java","With this opportunity, I can enhance my skills and use data-driven decision-making to help organizations grow."
09/04/2018 05:34,27,Makati,No,,No,Postgrad,Business Administration,Business,2016.0,,,2025.0,Masters in Data Science,,,Unemployed,,,4,,,,,,,,1,2,2,1,2,2,3,5,4,5,4,5,,"I believe in continuous learning, and this program will provide me with the necessary knowledge to improve my career prospects."
11/07/2018 00:16,27,Zamboanga,No,,No,College grad,Sociology,Social Sciences,2022.0,,,,,27480.0,22480.0,Employed,Software Developer,Engineering,3,,,,,,,,4,5,5,2,2,4,1,4,5,2,4,3,,I am passionate about data science and eager to learn. This scholarship will allow me to advance my career and contribute to my field.
09/03/2023 09:42,33,Davao,No,,No,College grad,Marketing,Business,2015.0,,,,,,,Unemployed,,,5,,,,,,,,2,2,5,3,1,4,1,5,2,1,4,5,"SQL, Matlab","I believe in continuous learning, and this program will provide me with the necessary knowledge to improve my career prospects."
04/13/2021 09:04,36,Quezon City,No,,No,College grad,Software Engineering,IT,2010.0,,,,,48745.0,43745.0,Employed,Marketing Analyst,Health Sciences,1,,,,,,,,2,1,1,5,4,5,5,2,5,5,5,4,"SAS, SQL, Stats","With this opportunity, I can enhance my skills and use data-driven decision-making to help organizations grow."
01/10/2024 09:42,35,Davao,No,,No,College grad,Business Administration,Business,2011.0,,,,,49866.0,44866.0,Employed,Marketing Analyst,Social Sciences,1,,,,,,,,3,4,2,4,5,4,1,2,4,4,1,5,"Python, Python","This training is a stepping stone for me to transition into data analysis, a field I have always been interested in."
01/04/2025 17:08,30,Makati,No,,No,College grad,Marketing,Business,2010.0,,,,,,,Unemployed,,,1,,,,,,,,1,5,2,4,5,5,2,3,4,4,2,2,SPSS,"With this opportunity, I can enhance my skills and use data-driven decision-making to help organizations grow."
06/02/2023 14:47,31,Iloilo,No,,No,College grad,Software Engineering,IT,2015.0,,,,,,,Unemployed,,,4,,,,,,,,3,5,1,2,3,2,2,5,3,3,1,3,,"This training is a stepping stone for me to transition into data analysis, a field I have always been interested in."
03/21/2017 15:08,27,Cebu,No,,No,College grad,Civil Engineering,Engineering,2018.0,,,,,,,Unemployed,,,1,,,,,,,,3,3,1,3,2,5,3,3,2,2,1,4,"eViews, Microsoft Excel, Tableau","This training is a stepping stone for me to transition into data analysis, a field I have always been interested in."
10/14/2022 12:59,40,Iloilo,No,,No,College grad,Education,Education,2013.0,,,,,,,Unemployed,,,3,,,,,,,,1,4,3,5,5,4,3,3,5,2,3,3,,"Coming from a financially challenged background, I see this as a great opportunity to grow professionally and help others in the future."
01/05/2019 03:07,40,Davao,No,,No,College grad,Mathematics Education,Education,2015.0,,,,,,,Unemployed,,,5,,,,,,,,4,2,1,3,5,4,4,5,3,5,3,5,,I am passionate about data science and eager to learn. This scholarship will allow me to advance my career and contribute to my field.
04/27/2023 06:03,31,Cagayan de Oro,No,,No,College grad,Early Childhood Education,Education,2017.0,,,,,37645.0,32645.0,Employed,Data Analyst,Business,3,,,,,,,,3,2,5,5,1,2,1,1,2,2,1,5,,I am passionate about data science and eager to learn. This scholarship will allow me to advance my career and contribute to my field.
07/08/2023 02:55,40,Makati,No,,No,Postgrad,Computer Science,IT,2016.0,,,2024.0,Masters in Data Science,47370.0,42370.0,Employed,Software Developer,Business,0,,,,,,,,3,2,4,3,3,5,1,5,4,1,5,1,,"With this opportunity, I can enhance my skills and use data-driven decision-making to help organizations grow."
09/13/2018 21:46,27,Cagayan de Oro,No,,No,College grad,Political Science,Social Sciences,2020.0,,,,,,,Unemployed,,,3,,,,,,,,1,3,3,4,1,3,1,3,4,3,3,1,"SPSS, Stats",I am passionate about data science and eager to learn. This scholarship will allow me to advance my career and contribute to my field.
10/24/2024 14:10,22,Makati,No,,No,College grad,Information Technology,IT,2013.0,,,,,,,Unemployed,,,3,,,,,,,,3,5,2,1,1,3,5,4,2,1,3,3,Tableau,"I believe in continuous learning, and this program will provide me with the necessary knowledge to improve my career prospects."
09/04/2022 20:46,35,Zamboanga,No,,No,College grad,Mathematics Education,Education,2023.0,,,,,34990.0,29990.0,Employed,Engineer,IT,4,,,,,,,,3,1,1,2,3,3,5,1,1,3,3,5,"SQL, Microsoft Power BI",I am passionate about data science and eager to learn. This scholarship will allow me to advance my career and contribute to my field.
11/02/2022 10:15,40,Cagayan de Oro,No,,No,Postgrad,Civil Engineering,Engineering,2016.0,,,2025.0,Masters in Data Science,,,Unemployed,,,3,,,,,,,,5,5,4,3,5,4,5,3,1,3,2,3,"eViews, Microsoft Excel, Tableau","Coming from a financially challenged background, I see this as a great opportunity to grow professionally and help others in the future."
03/25/2020 18:38,35,Cagayan de Oro,No,,No,College grad,Psychology,Social Sciences,2020.0,,,,,,,Unemployed,,,0,,,,,,,,4,1,3,3,1,4,4,4,2,4,5,4,,"Coming from a financially challenged background, I see this as a great opportunity to grow professionally and help others in the future."
03/02/2019 13:33,27,Cebu,No,,No,College grad,Pharmacy,Health Sciences,2014.0,,,,,,,Unemployed,,,5,,,,,,,,1,2,2,5,4,2,4,2,5,2,3,2,Python,"This training is a stepping stone for me to transition into data analysis, a field I have always been interested in."
07/16/2020 11:42,31,Davao,No,,No,Postgrad,Business Administration,Business,2016.0,,,2027.0,Masters in Data Science,48607.0,43607.0,Employed,Software Developer,Engineering,5,,,,,,,,2,3,3,3,5,2,3,1,5,5,4,1,,"Coming from a financially challenged background, I see this as a great opportunity to grow professionally and help others in the future."
09/20/2022 01:05,25,Iloilo,No,,No,College grad,Business Administration,Business,2016.0,,,,,,,Unemployed,,,4,,,,,,,,4,4,5,1,5,2,2,4,1,4,5,2,,"With this opportunity, I can enhance my skills and use data-driven decision-making to help organizations grow."
03/22/2018 02:51,37,Quezon City,No,,No,College grad,Software Engineering,IT,2015.0,,,,,,,Unemployed,,,2,,,,,,,,3,2,5,3,4,4,1,4,3,4,1,5,"Tableau, SPSS, Tableau","This training is a stepping stone for me to transition into data analysis, a field I have always been interested in."
06/11/2023 07:11,27,Quezon City,No,,No,College grad,Medical Technology,Health Sciences,2012.0,,,,,,,Unemployed,,,2,,,,,,,,5,1,3,2,1,5,5,1,1,4,3,5,,"Coming from a financially challenged background, I see this as a great opportunity to grow professionally and help others in the future."
09/28/2024 19:04,32,Makati,No,,No,Postgrad,Nursing,Health Sciences,2016.0,,,2025.0,Masters in Data Science,,,Unemployed,,,3,,,,,,,,4,4,5,5,4,2,2,5,4,1,4,2,,"This training is a stepping stone for me to transition into data analysis, a field I have always been interested in."
01/23/2023 06:01,35,Makati,No,,No,College grad,Computer Science,IT,2018.0,,,,,,,Unemployed,,,1,,,,,,,,5,3,4,4,5,2,4,4,1,2,2,3,,"With this opportunity, I can enhance my skills and use data-driven decision-making to help organizations grow."
02/17/2023 11:16,32,Iloilo,No,,No,Postgrad,Early Childhood Education,Education,2016.0,,,2026.0,Masters in Data Science,,,Unemployed,,,5,,,,,,,,5,3,3,4,1,2,2,5,3,2,3,2,"SAS, Microsoft Excel","With this opportunity, I can enhance my skills and use data-driven decision-making to help organizations grow."
09/07/2019 23:29,35,Cagayan de Oro,No,,No,College grad,Civil Engineering,Engineering,2013.0,,,,,,,Unemployed,,,5,,,,,,,,3,1,1,1,3,2,2,5,2,3,2,2,,"Coming from a financially challenged background, I see this as a great opportunity to grow professionally and help others in the future."
08/15/2017 03:48,21,Davao,No,,No,Postgrad,Political Science,Social Sciences,2016.0,,,2026.0,Masters in Data Science,,,Unemployed,,,3,,,,,,,,5,2,2,3,1,5,5,5,1,5,3,2,"Stats, Java, Matlab",I am passionate about data science and eager to learn. This scholarship will allow me to advance my career and contribute to my field.
10/12/2021 11:17,26,Cebu,No,,No,Postgrad,Accounting,Business,2016.0,,,2026.0,Masters in Data Science,,,Unemployed,,,0,,,,,,,,2,5,4,2,3,2,5,3,4,1,3,5,,I am passionate about data science and eager to learn. This scholarship will allow me to advance my career and contribute to my field.
10/05/2024 23:08,29,Manila,No,,No,College grad,Sociology,Social Sciences,2012.0,,,,,,,Unemployed,,,5,,,,,,,,3,5,4,3,4,3,5,2,2,2,4,1,R,"I believe in continuous learning, and this program will provide me with the necessary knowledge to improve my career prospects."
03/18/2018 22:49,20,Cagayan de Oro,No,,No,College grad,Pharmacy,Health Sciences,2012.0,,,,,46020.0,41020.0,Employed,Marketing Analyst,Business,0,,,,,,,,2,2,5,1,1,2,2,4,2,5,1,3,,"This training is a stepping stone for me to transition into data analysis, a field I have always been interested in."
09/19/2018 06:55,22,Quezon City,No,,No,College grad,Mechanical Engineering,Engineering,2019.0,,,,,,,Unemployed,,,1,,,,,,,,5,1,3,3,1,2,1,5,1,4,2,1,,"With this opportunity, I can enhance my skills and use data-driven decision-making to help organizations grow."
05/29/2017 23:12,36,Quezon City,No,,No,Postgrad,Psychology,Social Sciences,2016.0,,,2024.0,Masters in Data Science,32600.0,27600.0,Employed,Accountant,Social Sciences,5,,,,,,,,2,3,4,1,1,4,1,3,3,4,2,5,SAS,"With this opportunity, I can enhance my skills and use data-driven decision-making to help organizations grow."
04/14/2024 11:16,36,Baguio,No,,No,College grad,Education,Education,2012.0,,,,,,,Unemployed,,,2,,,,,,,,3,5,1,2,3,1,3,3,2,3,3,3,,"Coming from a financially challenged background, I see this as a great opportunity to grow professionally and help others in the future."
11/20/2024 23:23,22,Baguio,No,,No,College grad,Software Engineering,IT,2017.0,,,,,40558.0,35558.0,Employed,Engineer,Education,4,,,,,,,,4,1,1,3,2,4,3,1,2,4,3,4,,"I believe in continuous learning, and this program will provide me with the necessary knowledge to improve my career prospects."
07/17/2019 05:51,23,Cebu,No,,No,College grad,Accounting,Business,2023.0,,,,,,,Unemployed,,,5,,,,,,,,5,4,4,5,5,2,4,3,4,4,2,4,,"This training is a stepping stone for me to transition into data analysis, a field I have always been interested in."
09/18/2018 11:01,37,Bacolod,No,,No,College grad,Civil Engineering,Engineering,2013.0,,,,,29449.0,24449.0,Employed,Marketing Analyst,Health Sciences,0,,,,,,,,5,4,2,5,5,1,3,4,1,1,2,1,"SQL, Tableau, Python","I believe in continuous learning, and this program will provide me with the necessary knowledge to improve my career prospects."
04/17/2021 21:29,38,Cebu,No,,No,Postgrad,Software Engineering,IT,2016.0,,,2024.0,Masters in Data Science,35535.0,30535.0,Employed,Nurse,Engineering,2,,,,,,,,1,1,3,4,2,2,5,1,2,1,4,1,,"With this opportunity, I can enhance my skills and use data-driven decision-making to help organizations grow."
08/03/2020 12:01,33,Baguio,No,,No,College grad,Psychology,Social Sciences,2020.0,,,,,44900.0,39900.0,Employed,Engineer,IT,4,,,,,,,,4,5,4,4,5,2,4,4,1,3,4,5,,I am passionate about data science and eager to learn. This scholarship will allow me to advance my career and contribute to my field.
11/11/2021 16:19,30,Makati,No,,No,College grad,Mathematics Education,Education,2018.0,,,,,46240.0,41240.0,Employed,Data Analyst,Social Sciences,2,,,,,,,,2,5,4,2,1,2,2,4,2,1,5,3,Microsoft Excel,"This training is a stepping stone for me to transition into data analysis, a field I have always been interested in."
04/28/2020 00:12,40,Iloilo,No,,No,College grad,Medical Technology,Health Sciences,2014.0,,,,,46987.0,41987.0,Employed,Marketing Analyst,Engineering,3,,,,,,,,1,4,3,4,2,4,3,1,4,1,2,2,"SQL, R, SQL","This training is a stepping stone for me to transition into data analysis, a field I have always been interested in."
06/22/2024 23:28,22,Davao,No,,No,College grad,Information Technology,IT,2010.0,,,,,,,Unemployed,,,4,,,,,,,,4,5,3,1,2,1,5,2,1,5,3,4,Microsoft Excel,I am passionate about data science and eager to learn. This scholarship will allow me to advance my career and contribute to my field.
02/14/2019 05:33,34,Makati,No,,No,College grad,Information Technology,IT,2018.0,,,,,30837.0,25837.0,Employed,Teacher,Engineering,4,,,,,,,,2,5,5,5,2,5,3,5,3,2,5,2,,"Coming from a financially challenged background, I see this as a great opportunity to grow professionally and help others in the future."
03/30/2022 00:51,28,Manila,No,,No,Postgrad,Software Engineering,IT,2016.0,,,2025.0,Masters in Data Science,39778.0,34778.0,Employed,Accountant,Health Sciences,5,,,,,,,,5,1,5,2,4,1,2,5,1,3,3,1,,"This training is a stepping stone for me to transition into data analysis, a field I have always been interested in."
11/08/2022 04:05,37,Davao,No,,No,Postgrad,Pharmacy,Health Sciences,2016.0,,,2026.0,Masters in Data Science,,,Unemployed,,,5,,,,,,,,1,4,3,3,3,5,5,4,2,1,1,2,Python,"This training is a stepping stone for me to transition into data analysis, a field I have always been interested in."
11/15/2022 22:06,38,Iloilo,No,,No,Postgrad,Pharmacy,Health Sciences,2016.0,,,2026.0,Masters in Data Science,,,Unemployed,,,2,,,,,,,,1,4,5,1,1,4,4,2,1,5,5,5,,"Coming from a financially challenged background, I see this as a great opportunity to grow professionally and help others in the future."
11/12/2021 04:39,37,Iloilo,No,,No,Postgrad,Political Science,Social Sciences,2016.0,,,2027.0,Masters in Data Science,29864.0,24864.0,Employed,Marketing Analyst,Social Sciences,5,,,,,,,,1,1,4,5,1,2,5,4,1,3,1,4,,I am passionate about data science and eager to learn. This scholarship will allow me to advance my career and contribute to my field.
08/19/2019 10:52,27,Iloilo,No,,No,College grad,Accounting,Business,2015.0,,,,,,,Unemployed,,,4,,,,,,,,1,4,1,3,4,4,1,1,5,3,4,2,"SQL, Microsoft Excel","This training is a stepping stone for me to transition into data analysis, a field I have always been interested in."
03/20/2023 02:37,33,Quezon City,No,,No,College grad,Medical Technology,Health Sciences,2016.0,,,,,49039.0,44039.0,Employed,Accountant,IT,3,,,,,,,,1,5,3,1,5,2,5,4,1,3,5,1,Java,"I believe in continuous learning, and this program will provide me with the necessary knowledge to improve my career prospects."
06/11/2017 05:36,40,Manila,No,,No,College grad,Information Technology,IT,2014.0,,,,,31474.0,26474.0,Employed,Marketing Analyst,Business,5,,,,,,,,4,2,4,1,3,5,2,4,5,5,2,4,,"With this opportunity, I can enhance my skills and use data-driven decision-making to help organizations grow."
02/23/2017 20:05,29,Baguio,No,,No,College grad,Marketing,Business,2021.0,,,,,,,Unemployed,,,0,,,,,,,,2,3,2,5,1,2,2,4,3,5,2,5,"Python, Matlab, eViews","With this opportunity, I can enhance my skills and use data-driven decision-making to help organizations grow."
08/30/2018 09:28,37,Cebu,No,,No,College grad,Electrical Engineering,Engineering,2019.0,,,,,29673.0,24673.0,Employed,Data Analyst,IT,2,,,,,,,,1,4,4,5,4,1,2,5,4,3,3,2,"SAS, Microsoft Power BI, R","Coming from a financially challenged background, I see this as a great opportunity to grow professionally and help others in the future."
08/30/2018 02:25,37,Bacolod,No,,No,College grad,Software Engineering,IT,2012.0,,,,,,,Unemployed,,,1,,,,,,,,5,2,5,4,5,1,4,3,5,4,2,4,,"This training is a stepping stone for me to transition into data analysis, a field I have always been interested in."
04/20/2023 23:51,32,Davao,No,,No,College grad,Accounting,Business,2012.0,,,,,,,Unemployed,,,1,,,,,,,,4,5,5,3,1,4,5,5,1,3,2,2,,I am passionate about data science and eager to learn. This scholarship will allow me to advance my career and contribute to my field.
01/13/2022 05:15,39,Makati,No,,No,College grad,Business Administration,Business,2017.0,,,,,,,Unemployed,,,0,,,,,,,,5,4,4,1,2,4,1,5,3,2,3,1,,"I believe in continuous learning, and this program will provide me with the necessary knowledge to improve my career prospects."
09/18/2022 14:24,21,Bacolod,No,,No,College grad,Electrical Engineering,Engineering,2017.0,,,,,46508.0,41508.0,Employed,Nurse,IT,1,,,,,,,,4,1,5,5,4,4,4,5,5,5,5,2,,"I believe in continuous learning, and this program will provide me with the necessary knowledge to improve my career prospects."
03/16/2017 20:27,36,Cebu,No,,No,College grad,Business Administration,Business,2012.0,,,,,28952.0,23952.0,Employed,Nurse,Business,2,,,,,,,,3,1,4,1,3,3,3,1,3,1,3,3,"SQL, SPSS, SQL","Coming from a financially challenged background, I see this as a great opportunity to grow professionally and help others in the future."
07/11/2022 21:22,33,Makati,No,,No,College grad,Political Science,Social Sciences,2013.0,,,,,,,Unemployed,,,4,,,,,,,,3,1,1,1,4,2,5,2,3,1,2,1,,"I believe in continuous learning, and this program will provide me with the necessary knowledge to improve my career prospects."
12/22/2020 21:52,37,Zamboanga,No,,No,College grad,Marketing,Business,2019.0,,,,,38663.0,33663.0,Employed,Marketing Analyst,Social Sciences,1,,,,,,,,3,3,2,1,5,5,2,4,4,3,5,1,,"Coming from a financially challenged background, I see this as a great opportunity to grow professionally and help others in the future."
04/29/2020 18:25,33,Davao,No,,No,College grad,Civil Engineering,Engineering,2010.0,,,,,25934.0,20934.0,Employed,Accountant,IT,0,,,,,,,,4,3,3,1,5,3,4,2,4,1,2,4,,"I believe in continuous learning, and this program will provide me with the necessary knowledge to improve my career prospects."
07/30/2017 11:40,29,Baguio,No,,No,College grad,Psychology,Social Sciences,2011.0,,,,,27681.0,22681.0,Employed,Marketing Analyst,IT,4,,,,,,,,1,4,5,4,1,2,3,3,4,5,2,1,,"This training is a stepping stone for me to transition into data analysis, a field I have always been interested in."
09/23/2017 04:58,39,Cebu,No,,No,Postgrad,Marketing,Business,2016.0,,,2027.0,Masters in Data Science,,,Unemployed,,,1,,,,,,,,1,4,2,2,4,3,3,5,2,5,5,5,R,I am passionate about data science and eager to learn. This scholarship will allow me to advance my career and contribute to my field.
12/06/2019 18:03,37,Cebu,No,,No,College grad,Medical Technology,Health Sciences,2022.0,,,,,31948.0,26948.0,Employed,Nurse,Social Sciences,2,,,,,,,,2,3,1,3,3,1,2,4,3,2,4,4,,"Coming from a financially challenged background, I see this as a great opportunity to grow professionally and help others in the future."
01/10/2020 14:29,29,Manila,No,,No,College grad,Political Science,Social Sciences,2010.0,,,,,42751.0,37751.0,Employed,Data Analyst,Engineering,4,,,,,,,,2,5,5,4,4,2,4,2,3,4,5,3,SQL,"I believe in continuous learning, and this program will provide me with the necessary knowledge to improve my career prospects."
08/04/2018 13:39,35,Baguio,No,,No,College grad,Psychology,Social Sciences,2020.0,,,,,,,Unemployed,,,0,,,,,,,,4,5,3,1,3,2,4,5,4,1,3,5,SPSS,I am passionate about data science and eager to learn. This scholarship will allow me to advance my career and contribute to my field.
09/20/2021 17:53,38,Baguio,No,,No,Postgrad,Psychology,Social Sciences,2016.0,,,2024.0,Masters in Data Science,25280.0,20280.0,Employed,Nurse,Social Sciences,3,,,,,,,,1,4,3,2,4,4,4,1,5,1,2,2,"Python, SAS, Matlab",I am passionate about data science and eager to learn. This scholarship will allow me to advance my career and contribute to my field.
08/22/2020 07:46,20,Manila,No,,No,College grad,Marketing,Business,2023.0,,,,,47655.0,42655.0,Employed,Marketing Analyst,Education,3,,,,,,,,1,2,3,2,3,4,5,1,4,5,3,2,Microsoft Excel,"This training is a stepping stone for me to transition into data analysis, a field I have always been interested in."
08/14/2020 01:49,24,Quezon City,No,,No,College grad,Accounting,Business,2013.0,,,,,32776.0,27776.0,Employed,Nurse,IT,4,,,,,,,,2,5,4,3,2,5,1,4,2,1,1,2,R,"This training is a stepping stone for me to transition into data analysis, a field I have always been interested in."
09/20/2020 08:40,20,Bacolod,No,,No,Postgrad,Mathematics Education,Education,2016.0,,,2025.0,Masters in Data Science,,,Unemployed,,,0,,,,,,,,3,2,3,2,4,5,4,1,2,2,5,4,,"Coming from a financially challenged background, I see this as a great opportunity to grow professionally and help others in the future."
07/30/2020 11:40,29,Davao,No,,No,College grad,Software Engineering,IT,2010.0,,,,,27949.0,22949.0,Employed,Accountant,IT,5,,,,,,,,2,2,2,5,4,4,2,5,4,1,5,2,,"With this opportunity, I can enhance my skills and use data-driven decision-making to help organizations grow."
06/01/2024 14:54,34,Quezon City,No,,No,College grad,Accounting,Business,2015.0,,,,,,,Unemployed,,,4,,,,,,,,1,4,4,4,4,3,3,1,3,4,5,2,"Microsoft Excel, Stats",I am passionate about data science and eager to learn. This scholarship will allow me to advance my career and contribute to my field.
02/08/2019 09:12,35,Davao,No,,No,College grad,Psychology,Social Sciences,2014.0,,,,,,,Unemployed,,,4,,,,,,,,2,1,5,2,4,2,5,3,1,3,4,2,"Python, R","With this opportunity, I can enhance my skills and use data-driven decision-making to help organizations grow."
07/12/2023 17:30,32,Baguio,No,,No,Postgrad,Computer Science,IT,2016.0,,,2025.0,Masters in Data Science,30923.0,25923.0,Employed,Software Developer,Education,4,,,,,,,,4,2,1,2,2,2,2,2,5,2,3,5,"eViews, Tableau, SPSS","This training is a stepping stone for me to transition into data analysis, a field I have always been interested in."
09/24/2023 18:01,20,Makati,No,,No,College grad,Information Technology,IT,2020.0,,,,,,,Unemployed,,,2,,,,,,,,5,5,3,5,3,5,4,3,5,1,1,5,,"This training is a stepping stone for me to transition into data analysis, a field I have always been interested in."
08/26/2018 08:29,31,Baguio,No,,No,College grad,Information Technology,IT,2017.0,,,,,48379.0,43379.0,Employed,Accountant,Education,4,,,,,,,,3,2,4,3,3,1,1,2,4,5,3,1,,"This training is a stepping stone for me to transition into data analysis, a field I have always been interested in."
05/11/2024 22:19,27,Quezon City,No,,No,College grad,Information Technology,IT,2015.0,,,,,49865.0,44865.0,Employed,Data Analyst,Business,2,,,,,,,,3,3,1,4,2,3,5,1,1,2,3,3,,"With this opportunity, I can enhance my skills and use data-driven decision-making to help organizations grow."
11/06/2022 01:35,37,Makati,No,,No,College grad,Education,Education,2019.0,,,,,,,Unemployed,,,1,,,,,,,,1,2,3,4,2,4,4,1,4,5,5,5,SPSS,"Coming from a financially challenged background, I see this as a great opportunity to grow professionally and help others in the future."
08/04/2020 06:19,20,Cagayan de Oro,No,,No,College grad,Education,Education,2010.0,,,,,,,Unemployed,,,0,,,,,,,,5,5,3,1,3,5,5,4,2,4,2,4,"R, SPSS, Stats","This training is a stepping stone for me to transition into data analysis, a field I have always been interested in."
10/02/2019 03:17,38,Manila,No,,No,Postgrad,Nursing,Health Sciences,2016.0,,,2027.0,Masters in Data Science,,,Unemployed,,,5,,,,,,,,2,4,2,2,1,3,3,5,4,1,5,3,,"With this opportunity, I can enhance my skills and use data-driven decision-making to help organizations grow."
06/07/2019 11:44,36,Baguio,No,,No,College grad,Information Technology,IT,2019.0,,,,,,,Unemployed,,,5,,,,,,,,5,1,2,1,5,4,4,2,4,5,4,2,,"I believe in continuous learning, and this program will provide me with the necessary knowledge to improve my career prospects."
08/18/2019 13:55,39,Manila,No,,No,Postgrad,Software Engineering,IT,2016.0,,,2026.0,Masters in Data Science,26843.0,21843.0,Employed,Accountant,Social Sciences,0,,,,,,,,3,1,3,4,1,2,3,3,2,4,1,5,,"Coming from a financially challenged background, I see this as a great opportunity to grow professionally and help others in the future."
04/04/2020 17:25,34,Quezon City,No,,No,Postgrad,Information Technology,IT,2016.0,,,2025.0,Masters in Data Science,,,Unemployed,,,2,,,,,,,,3,4,1,3,4,1,1,2,3,1,3,3,,"With this opportunity, I can enhance my skills and use data-driven decision-making to help organizations grow."
11/23/2024 23:12,23,Manila,No,,No,College grad,Electrical Engineering,Engineering,2013.0,,,,,,,Unemployed,,,4,,,,,,,,4,4,5,5,5,2,2,2,2,4,1,4,"Java, Python, SQL",I am passionate about data science and eager to learn. This scholarship will allow me to advance my career and contribute to my field.
06/17/2022 11:56,40,Bacolod,No,,No,College grad,Software Engineering,IT,2014.0,,,,,26930.0,21930.0,Employed,Teacher,Social Sciences,4,,,,,,,,2,2,5,2,4,5,3,4,2,5,1,3,,"With this opportunity, I can enhance my skills and use data-driven decision-making to help organizations grow."
07/11/2017 03:37,26,Cebu,No,,No,College grad,Computer Science,IT,2011.0,,,,,34305.0,29305.0,Employed,Teacher,Education,5,,,,,,,,5,2,5,4,5,4,1,3,2,3,3,1,,"With this opportunity, I can enhance my skills and use data-driven decision-making to help organizations grow."
11/02/2017 10:45,40,Bacolod,No,,No,College grad,Mathematics Education,Education,2015.0,,,,,,,Unemployed,,,3,,,,,,,,4,1,2,3,2,2,5,1,1,5,2,2,,I am passionate about data science and eager to learn. This scholarship will allow me to advance my career and contribute to my field.
07/29/2021 20:20,22,Zamboanga,No,,No,College grad,Education,Education,2018.0,,,,,43062.0,38062.0,Employed,Engineer,Business,3,,,,,,,,2,3,1,5,3,1,4,5,1,2,2,5,"R, Microsoft Power BI, SAS","This training is a stepping stone for me to transition into data analysis, a field I have always been interested in."
05/19/2018 16:51,31,Makati,No,,No,College grad,Political Science,Social Sciences,2018.0,,,,,,,Unemployed,,,3,,,,,,,,5,3,4,2,4,1,2,2,3,4,3,4,SAS,"I believe in continuous learning, and this program will provide me with the necessary knowledge to improve my career prospects."
11/06/2021 06:29,33,Davao,No,,No,Postgrad,Software Engineering,IT,2016.0,,,2026.0,Masters in Data Science,46561.0,41561.0,Employed,Nurse,Social Sciences,2,,,,,,,,2,2,4,3,3,4,4,2,5,5,1,3,,"I believe in continuous learning, and this program will provide me with the necessary knowledge to improve my career prospects."
05/15/2020 05:37,34,Manila,No,,No,College grad,Mathematics Education,Education,2011.0,,,,,,,Unemployed,,,1,,,,,,,,3,2,3,5,5,5,1,4,4,1,1,3,SAS,"With this opportunity, I can enhance my skills and use data-driven decision-making to help organizations grow."
12/18/2022 12:31,30,Cagayan de Oro,No,,No,College grad,Psychology,Social Sciences,2023.0,,,,,,,Unemployed,,,4,,,,,,,,3,5,4,5,4,1,4,4,5,4,1,4,"Tableau, SQL","I believe in continuous learning, and this program will provide me with the necessary knowledge to improve my career prospects."
11/25/2023 22:59,29,Makati,No,,No,College grad,Business Administration,Business,2018.0,,,,,27686.0,22686.0,Employed,Accountant,Health Sciences,1,,,,,,,,5,1,4,2,3,4,5,3,1,5,2,4,"Stats, SQL, Stats",I am passionate about data science and eager to learn. This scholarship will allow me to advance my career and contribute to my field.
08/20/2021 09:07,40,Quezon City,No,,No,College grad,Mechanical Engineering,Engineering,2011.0,,,,,33274.0,28274.0,Employed,Nurse,Social Sciences,4,,,,,,,,4,2,4,2,1,4,4,3,1,1,1,5,"Microsoft Power BI, eViews",I am passionate about data science and eager to learn. This scholarship will allow me to advance my career and contribute to my field.
08/31/2018 22:16,29,Manila,No,,No,College grad,Mechanical Engineering,Engineering,2013.0,,,,,,,Unemployed,,,2,,,,,,,,5,1,4,5,4,1,1,4,5,5,4,5,"SQL, Microsoft Excel, Tableau","With this opportunity, I can enhance my skills and use data-driven decision-making to help organizations grow."
08/18/2022 18:28,33,Quezon City,No,,No,Postgrad,Accounting,Business,2016.0,,,2024.0,Masters in Data Science,40225.0,35225.0,Employed,Teacher,IT,5,,,,,,,,2,4,1,5,1,5,1,5,2,5,4,5,"Tableau, Python","Coming from a financially challenged background, I see this as a great opportunity to grow professionally and help others in the future."
11/11/2018 08:35,31,Quezon City,No,,No,College grad,Business Administration,Business,2022.0,,,,,,,Unemployed,,,0,,,,,,,,4,2,3,4,2,4,2,1,5,4,3,1,,"With this opportunity, I can enhance my skills and use data-driven decision-making to help organizations grow."
03/15/2023 21:44,34,Iloilo,No,,No,College grad,Software Engineering,IT,2010.0,,,,,28073.0,23073.0,Employed,Engineer,Social Sciences,5,,,,,,,,4,5,3,4,3,4,5,2,2,5,1,5,"SAS, eViews","With this opportunity, I can enhance my skills and use data-driven decision-making to help organizations grow."
05/10/2023 14:03,34,Zamboanga,No,,No,College grad,Information Technology,IT,2011.0,,,,,,,Unemployed,,,4,,,,,,,,2,4,4,5,5,5,5,5,2,2,2,1,,"This training is a stepping stone for me to transition into data analysis, a field I have always been interested in."
02/21/2020 00:57,36,Baguio,No,,No,College grad,Pharmacy,Health Sciences,2023.0,,,,,,,Unemployed,,,2,,,,,,,,5,1,2,4,5,2,4,4,5,2,2,4,,"This training is a stepping stone for me to transition into data analysis, a field I have always been interested in."
03/19/2023 17:39,29,Cagayan de Oro,No,,No,College grad,Early Childhood Education,Education,2015.0,,,,,29089.0,24089.0,Employed,Data Analyst,Business,5,,,,,,,,3,3,2,4,1,3,4,4,5,2,4,2,"eViews, SQL, Microsoft Power BI","Coming from a financially challenged background, I see this as a great opportunity to grow professionally and help others in the future."
10/10/2021 02:07,22,Quezon City,No,,No,Postgrad,Nursing,Health Sciences,2016.0,,,2024.0,Masters in Data Science,27660.0,22660.0,Employed,Teacher,IT,1,,,,,,,,3,4,1,3,5,4,5,5,3,4,5,2,"Tableau, SQL, eViews","I believe in continuous learning, and this program will provide me with the necessary knowledge to improve my career prospects."
01/30/2019 13:58,38,Zamboanga,No,,No,College grad,Marketing,Business,2017.0,,,,,25326.0,20326.0,Employed,Nurse,Education,1,,,,,,,,4,2,1,5,2,5,3,3,1,3,3,4,"Stats, Tableau","Coming from a financially challenged background, I see this as a great opportunity to grow professionally and help others in the future."
01/17/2023 01:22,32,Cebu,No,,No,College grad,Civil Engineering,Engineering,2021.0,,,,,,,Unemployed,,,1,,,,,,,,1,4,1,4,2,5,4,5,3,4,5,3,,"This training is a stepping stone for me to transition into data analysis, a field I have always been interested in."
09/18/2018 13:22,29,Cagayan de Oro,No,,No,College grad,Information Technology,IT,2019.0,,,,,48463.0,43463.0,Employed,Engineer,Education,0,,,,,,,,3,2,3,4,3,5,5,5,3,2,2,2,,I am passionate about data science and eager to learn. This scholarship will allow me to advance my career and contribute to my field.
03/06/2017 18:11,22,Iloilo,No,,No,College grad,Marketing,Business,2010.0,,,,,31714.0,26714.0,Employed,Nurse,Engineering,1,,,,,,,,4,1,4,1,4,2,2,2,5,5,1,4,,"This training is a stepping stone for me to transition into data analysis, a field I have always been interested in."
05/12/2017 16:09,31,Baguio,No,,No,College grad,Mechanical Engineering,Engineering,2016.0,,,,,,,Unemployed,,,1,,,,,,,,5,3,3,2,2,2,5,3,2,1,3,1,,"I believe in continuous learning, and this program will provide me with the necessary knowledge to improve my career prospects."
09/19/2022 06:09,38,Bacolod,No,,No,College grad,Electrical Engineering,Engineering,2018.0,,,,,,,Unemployed,,,3,,,,,,,,3,1,3,2,1,1,1,1,1,1,4,5,,I am passionate about data science and eager to learn. This scholarship will allow me to advance my career and contribute to my field.
08/09/2017 05:38,30,Manila,No,,No,College grad,Psychology,Social Sciences,2011.0,,,,,37938.0,32938.0,Employed,Nurse,Engineering,3,,,,,,,,4,5,2,5,1,1,3,2,2,5,4,5,Tableau,I am passionate about data science and eager to learn. This scholarship will allow me to advance my career and contribute to my field.
01/03/2025 07:40,27,Cebu,No,,No,Postgrad,Early Childhood Education,Education,2016.0,,,2024.0,Masters in Data Science,,,Unemployed,,,3,,,,,,,,2,2,1,4,5,4,5,4,4,1,4,4,"SQL, SAS, Microsoft Excel",I am passionate about data science and eager to learn. This scholarship will allow me to advance my career and contribute to my field.
01/29/2021 04:51,38,Cagayan de Oro,No,,No,College grad,Pharmacy,Health Sciences,2010.0,,,,,25505.0,20505.0,Employed,Engineer,Education,4,,,,,,,,3,1,1,3,4,2,5,5,2,1,2,2,"Matlab, Microsoft Power BI","Coming from a financially challenged background, I see this as a great opportunity to grow professionally and help others in the future."
09/15/2022 18:12,29,Zamboanga,No,,No,College grad,Education,Education,2022.0,,,,,42543.0,37543.0,Employed,Nurse,Social Sciences,4,,,,,,,,5,1,3,4,5,5,2,4,2,5,4,3,"SQL, SPSS","With this opportunity, I can enhance my skills and use data-driven decision-making to help organizations grow."
05/26/2022 03:00,25,Manila,No,,No,Postgrad,Early Childhood Education,Education,2016.0,,,2027.0,Masters in Data Science,39382.0,34382.0,Employed,Accountant,Business,0,,,,,,,,5,1,3,2,2,5,1,4,3,4,1,4,,"I believe in continuous learning, and this program will provide me with the necessary knowledge to improve my career prospects."
03/15/2021 17:58,22,Cagayan de Oro,No,,No,Postgrad,Mathematics Education,Education,2016.0,,,2025.0,Masters in Data Science,,,Unemployed,,,1,,,,,,,,4,3,1,2,5,3,3,5,5,1,5,1,Stats,"This training is a stepping stone for me to transition into data analysis, a field I have always been interested in."
09/25/2018 11:27,24,Makati,No,,No,College grad,Sociology,Social Sciences,2020.0,,,,,,,Unemployed,,,4,,,,,,,,1,3,4,4,2,1,3,1,2,2,5,5,"Microsoft Power BI, eViews, SAS","I believe in continuous learning, and this program will provide me with the necessary knowledge to improve my career prospects."
06/27/2018 00:17,34,Zamboanga,No,,No,College grad,Nursing,Health Sciences,2011.0,,,,,33386.0,28386.0,Employed,Software Developer,Social Sciences,2,,,,,,,,4,1,2,3,5,2,4,3,4,1,4,4,,"Coming from a financially challenged background, I see this as a great opportunity to grow professionally and help others in the future."
07/31/2024 01:10,34,Iloilo,No,,No,College grad,Early Childhood Education,Education,2023.0,,,,,,,Unemployed,,,3,,,,,,,,4,4,5,2,3,3,1,1,1,3,3,1,,"This training is a stepping stone for me to transition into data analysis, a field I have always been interested in."
02/06/2023 12:56,26,Zamboanga,No,,No,Postgrad,Political Science,Social Sciences,2016.0,,,2025.0,Masters in Data Science,,,Unemployed,,,3,,,,,,,,1,5,5,3,5,3,2,5,3,3,1,1,"Java, Python","With this opportunity, I can enhance my skills and use data-driven decision-making to help organizations grow."
08/19/2019 20:31,23,Manila,No,,No,College grad,Mechanical Engineering,Engineering,2015.0,,,,,30310.0,25310.0,Employed,Engineer,Engineering,3,,,,,,,,5,3,3,4,4,3,2,1,4,4,4,2,,"This training is a stepping stone for me to transition into data analysis, a field I have always been interested in."
04/03/2017 12:33,24,Makati,No,,No,Postgrad,Civil Engineering,Engineering,2016.0,,,2024.0,Masters in Data Science,,,Unemployed,,,2,,,,,,,,4,5,2,4,5,5,5,5,4,2,2,3,,"I believe in continuous learning, and this program will provide me with the necessary knowledge to improve my career prospects."
10/08/2021 18:41,30,Baguio,No,,No,College grad,Civil Engineering,Engineering,2014.0,,,,,40472.0,35472.0,Employed,Marketing Analyst,IT,2,,,,,,,,1,4,5,5,1,4,4,2,5,2,4,2,"Microsoft Excel, R, SQL","I believe in continuous learning, and this program will provide me with the necessary knowledge to improve my career prospects."
03/21/2018 17:30,39,Zamboanga,No,,No,College grad,Nursing,Health Sciences,2019.0,,,,,35096.0,30096.0,Employed,Engineer,Engineering,4,,,,,,,,1,1,2,5,5,3,5,4,5,3,3,4,,"I believe in continuous learning, and this program will provide me with the necessary knowledge to improve my career prospects."
11/22/2023 01:48,25,Cebu,No,,No,College grad,Accounting,Business,2013.0,,,,,45548.0,40548.0,Employed,Accountant,Social Sciences,3,,,,,,,,4,4,3,4,5,4,4,2,5,2,4,5,"Stats, eViews","Coming from a financially challenged background, I see this as a great opportunity to grow professionally and help others in the future."
03/02/2018 23:52,28,Cebu,No,,No,College grad,Mechanical Engineering,Engineering,2022.0,,,,,40716.0,35716.0,Employed,Software Developer,IT,1,,,,,,,,5,4,4,4,3,1,3,4,4,3,1,1,,"I believe in continuous learning, and this program will provide me with the necessary knowledge to improve my career prospects."
01/06/2019 13:35,40,Cebu,No,,No,College grad,Psychology,Social Sciences,2013.0,,,,,,,Unemployed,,,4,,,,,,,,4,1,3,5,5,4,1,3,4,1,4,4,,I am passionate about data science and eager to learn. This scholarship will allow me to advance my career and contribute to my field.
01/18/2023 02:45,32,Cebu,No,,No,College grad,Marketing,Business,2015.0,,,,,40739.0,35739.0,Employed,Software Developer,Engineering,3,,,,,,,,2,5,4,3,5,5,2,3,4,4,2,1,"SPSS, Tableau","Coming from a financially challenged background, I see this as a great opportunity to grow professionally and help others in the future."
08/14/2017 23:25,25,Makati,No,,No,College grad,Sociology,Social Sciences,2021.0,,,,,,,Unemployed,,,5,,,,,,,,5,1,1,2,5,5,5,4,3,2,2,2,,"With this opportunity, I can enhance my skills and use data-driven decision-making to help organizations grow."
10/06/2020 18:18,39,Bacolod,No,,No,College grad,Business Administration,Business,2022.0,,,,,,,Unemployed,,,1,,,,,,,,3,1,2,4,2,5,5,3,3,4,1,4,SPSS,I am passionate about data science and eager to learn. This scholarship will allow me to advance my career and contribute to my field.
08/29/2022 14:13,36,Quezon City,No,,No,College grad,Early Childhood Education,Education,2020.0,,,,,,,Unemployed,,,3,,,,,,,,1,5,4,5,3,2,2,5,2,3,2,2,SQL,"This training is a stepping stone for me to transition into data analysis, a field I have always been interested in."
11/05/2024 18:34,39,Cebu,No,,No,College grad,Education,Education,2012.0,,,,,,,Unemployed,,,5,,,,,,,,1,1,2,1,1,2,3,2,5,4,5,1,Java,"Coming from a financially challenged background, I see this as a great opportunity to grow professionally and help others in the future."
01/01/2022 22:38,35,Bacolod,No,,No,College grad,Pharmacy,Health Sciences,2016.0,,,,,36394.0,31394.0,Employed,Nurse,Education,5,,,,,,,,2,1,3,1,2,1,1,5,2,4,2,1,"Java, Stats","Coming from a financially challenged background, I see this as a great opportunity to grow professionally and help others in the future."
12/29/2021 21:23,39,Makati,No,,No,Postgrad,Mathematics Education,Education,2016.0,,,2025.0,Masters in Data Science,,,Unemployed,,,0,,,,,,,,4,1,2,3,5,3,3,2,5,3,5,3,"Stats, R, Microsoft Power BI","With this opportunity, I can enhance my skills and use data-driven decision-making to help organizations grow."
12/13/2018 01:08,35,Cebu,No,,No,Postgrad,Political Science,Social Sciences,2016.0,,,2025.0,Masters in Data Science,48224.0,43224.0,Employed,Software Developer,Business,3,,,,,,,,1,4,1,1,5,3,5,2,1,1,1,5,,I am passionate about data science and eager to learn. This scholarship will allow me to advance my career and contribute to my field.
09/21/2020 12:54,27,Cebu,No,,No,Postgrad,Pharmacy,Health Sciences,2016.0,,,2027.0,Masters in Data Science,37304.0,32304.0,Employed,Data Analyst,IT,0,,,,,,,,3,5,5,4,4,3,1,2,3,4,3,5,Tableau,"With this opportunity, I can enhance my skills and use data-driven decision-making to help organizations grow."
12/30/2017 04:21,31,Iloilo,No,,No,College grad,Psychology,Social Sciences,2022.0,,,,,,,Unemployed,,,1,,,,,,,,3,4,2,2,5,2,1,4,1,1,5,4,,"With this opportunity, I can enhance my skills and use data-driven decision-making to help organizations grow."
01/24/2020 16:07,20,Makati,No,,No,College grad,Mathematics Education,Education,2013.0,,,,,27774.0,22774.0,Employed,Accountant,Business,5,,,,,,,,2,2,4,4,3,5,5,4,2,5,5,5,,"With this opportunity, I can enhance my skills and use data-driven decision-making to help organizations grow."
02/14/2019 11:06,23,Davao,No,,No,College grad,Psychology,Social Sciences,2018.0,,,,,40783.0,35783.0,Employed,Engineer,IT,1,,,,,,,,5,4,4,4,2,3,1,4,5,1,4,2,"Microsoft Power BI, Stats, Microsoft Power BI","This training is a stepping stone for me to transition into data analysis, a field I have always been interested in."
02/04/2022 19:41,31,Cebu,No,,No,College grad,Business Administration,Business,2021.0,,,,,32255.0,27255.0,Employed,Teacher,Engineering,5,,,,,,,,2,1,2,2,5,2,3,2,1,1,4,1,,"Coming from a financially challenged background, I see this as a great opportunity to grow professionally and help others in the future."
04/08/2023 06:28,40,Iloilo,No,,No,College grad,Marketing,Business,2020.0,,,,,,,Unemployed,,,1,,,,,,,,3,1,5,3,3,3,5,3,4,1,4,4,"Matlab, Stats, SAS",I am passionate about data science and eager to learn. This scholarship will allow me to advance my career and contribute to my field.
02/26/2019 10:44,21,Baguio,No,,No,Postgrad,Education,Education,2016.0,,,2024.0,Masters in Data Science,48148.0,43148.0,Employed,Nurse,Engineering,5,,,,,,,,3,5,1,3,2,5,1,1,1,2,2,4,"eViews, R","This training is a stepping stone for me to transition into data analysis, a field I have always been interested in."
12/29/2019 04:00,20,Cagayan de Oro,No,,No,College grad,Sociology,Social Sciences,2010.0,,,,,,,Unemployed,,,5,,,,,,,,5,3,4,1,1,1,5,5,2,5,5,1,,I am passionate about data science and eager to learn. This scholarship will allow me to advance my career and contribute to my field.
01/24/2018 01:44,34,Cagayan de Oro,No,,No,College grad,Electrical Engineering,Engineering,2016.0,,,,,,,Unemployed,,,5,,,,,,,,5,4,1,2,4,2,1,4,2,1,3,4,"R, eViews","Coming from a financially challenged background, I see this as a great opportunity to grow professionally and help others in the future."
08/04/2021 02:43,37,Makati,No,,No,Postgrad,Accounting,Business,2016.0,,,2026.0,Masters in Data Science,40051.0,35051.0,Employed,Nurse,IT,1,,,,,,,,2,2,5,3,4,3,5,5,5,2,4,4,"Java, R","This training is a stepping stone for me to transition into data analysis, a field I have always been interested in."
04/19/2022 08:46,38,Bacolod,No,,No,College grad,Mathematics Education,Education,2018.0,,,,,,,Unemployed,,,0,,,,,,,,4,1,2,4,4,5,1,5,4,2,1,2,,"With this opportunity, I can enhance my skills and use data-driven decision-making to help organizations grow."
07/11/2022 00:30,26,Baguio,No,,No,Postgrad,Marketing,Business,2016.0,,,2024.0,Masters in Data Science,31209.0,26209.0,Employed,Accountant,Business,1,,,,,,,,5,1,5,5,2,1,1,2,2,3,4,5,,"Coming from a financially challenged background, I see this as a great opportunity to grow professionally and help others in the future."
01/02/2020 22:42,36,Quezon City,No,,No,College grad,Political Science,Social Sciences,2011.0,,,,,41869.0,36869.0,Employed,Software Developer,Engineering,1,,,,,,,,4,3,2,5,2,2,3,2,1,1,2,3,,"This training is a stepping stone for me to transition into data analysis, a field I have always been interested in."
09/24/2022 04:42,36,Zamboanga,No,,No,College grad,Accounting,Business,2014.0,,,,,45531.0,40531.0,Employed,Marketing Analyst,Health Sciences,4,,,,,,,,4,1,5,1,1,2,1,3,3,3,3,5,,"I believe in continuous learning, and this program will provide me with the necessary knowledge to improve my career prospects."
12/13/2018 20:13,31,Cebu,No,,No,College grad,Software Engineering,IT,2018.0,,,,,,,Unemployed,,,2,,,,,,,,1,3,2,4,1,2,2,3,4,2,1,5,,"This training is a stepping stone for me to transition into data analysis, a field I have always been interested in."
10/12/2019 16:23,38,Baguio,No,,No,College grad,Accounting,Business,2020.0,,,,,41601.0,36601.0,Employed,Software Developer,Social Sciences,1,,,,,,,,1,5,4,3,5,1,2,4,3,2,4,1,"Python, R","I believe in continuous learning, and this program will provide me with the necessary knowledge to improve my career prospects."
03/25/2019 08:56,26,Quezon City,No,,No,College grad,Computer Science,IT,2015.0,,,,,,,Unemployed,,,3,,,,,,,,4,2,5,4,5,2,1,2,2,1,1,2,"Python, Stats, Tableau",I am passionate about data science and eager to learn. This scholarship will allow me to advance my career and contribute to my field.
06/11/2020 19:24,34,Davao,No,,No,College grad,Information Technology,IT,2020.0,,,,,42388.0,37388.0,Employed,Marketing Analyst,Business,0,,,,,,,,2,3,3,2,3,5,4,1,4,4,2,2,,"I believe in continuous learning, and this program will provide me with the necessary knowledge to improve my career prospects."
07/20/2020 12:36,24,Makati,No,,No,College grad,Early Childhood Education,Education,2020.0,,,,,44721.0,39721.0,Employed,Marketing Analyst,Education,4,,,,,,,,3,2,5,5,5,3,4,1,1,1,2,1,"SAS, SQL, Java","With this opportunity, I can enhance my skills and use data-driven decision-making to help organizations grow."
03/25/2024 12:06,29,Davao,No,,No,College grad,Marketing,Business,2022.0,,,,,41222.0,36222.0,Employed,Marketing Analyst,Social Sciences,2,,,,,,,,1,5,1,5,4,4,5,2,3,4,3,5,,"Coming from a financially challenged background, I see this as a great opportunity to grow professionally and help others in the future."
01/01/2019 00:23,29,Makati,No,,No,Postgrad,Sociology,Social Sciences,2016.0,,,2027.0,Masters in Data Science,,,Unemployed,,,3,,,,,,,,1,3,5,2,2,5,4,5,1,2,1,4,,"I believe in continuous learning, and this program will provide me with the necessary knowledge to improve my career prospects."
05/23/2017 05:26,25,Makati,No,,No,College grad,Marketing,Business,2012.0,,,,,,,Unemployed,,,3,,,,,,,,1,2,3,1,2,3,5,5,3,2,5,4,"Tableau, eViews, SQL","Coming from a financially challenged background, I see this as a great opportunity to grow professionally and help others in the future."
10/27/2021 19:55,22,Iloilo,No,,No,College grad,Political Science,Social Sciences,2018.0,,,,,26658.0,21658.0,Employed,Marketing Analyst,Health Sciences,1,,,,,,,,5,5,2,5,3,4,4,1,3,2,3,2,,"With this opportunity, I can enhance my skills and use data-driven decision-making to help organizations grow."
08/25/2019 13:05,36,Zamboanga,No,,No,College grad,Psychology,Social Sciences,2017.0,,,,,36946.0,31946.0,Employed,Engineer,Business,3,,,,,,,,2,1,2,1,4,1,3,2,5,3,3,3,,"Coming from a financially challenged background, I see this as a great opportunity to grow professionally and help others in the future."
03/24/2019 03:10,20,Quezon City,No,,No,College grad,Education,Education,2015.0,,,,,,,Unemployed,,,0,,,,,,,,5,5,3,3,4,3,3,2,5,4,2,5,,"This training is a stepping stone for me to transition into data analysis, a field I have always been interested in."
07/04/2019 02:55,38,Bacolod,No,,No,College grad,Accounting,Business,2023.0,,,,,40547.0,35547.0,Employed,Teacher,IT,2,,,,,,,,5,5,4,3,5,3,4,5,4,2,1,1,"Microsoft Power BI, SQL, R","This training is a stepping stone for me to transition into data analysis, a field I have always been interested in."
07/10/2018 00:40,32,Baguio,No,,No,Postgrad,Early Childhood Education,Education,2016.0,,,2026.0,Masters in Data Science,39243.0,34243.0,Employed,Marketing Analyst,IT,2,,,,,,,,2,3,5,5,5,2,3,3,1,5,2,1,,"This training is a stepping stone for me to transition into data analysis, a field I have always been interested in."
09/29/2020 19:22,31,Davao,No,,No,Postgrad,Business Administration,Business,2016.0,,,2026.0,Masters in Data Science,49053.0,44053.0,Employed,Engineer,Business,0,,,,,,,,1,4,4,3,4,5,4,1,4,1,4,1,,"I believe in continuous learning, and this program will provide me with the necessary knowledge to improve my career prospects."
04/21/2021 10:21,35,Quezon City,No,,No,College grad,Medical Technology,Health Sciences,2011.0,,,,,32985.0,27985.0,Employed,Teacher,Education,0,,,,,,,,1,2,2,4,5,2,5,4,4,2,5,5,,I am passionate about data science and eager to learn. This scholarship will allow me to advance my career and contribute to my field.
06/25/2020 01:31,28,Quezon City,No,,No,Postgrad,Medical Technology,Health Sciences,2016.0,,,2026.0,Masters in Data Science,,,Unemployed,,,0,,,,,,,,1,2,3,2,2,1,5,4,5,2,4,1,"Python, Microsoft Power BI","This training is a stepping stone for me to transition into data analysis, a field I have always been interested in."
07/02/2019 04:37,27,Makati,No,,No,College grad,Education,Education,2022.0,,,,,40667.0,35667.0,Employed,Nurse,Education,2,,,,,,,,2,4,5,5,1,2,2,1,1,5,3,1,,"I believe in continuous learning, and this program will provide me with the necessary knowledge to improve my career prospects."
07/17/2019 21:43,32,Zamboanga,No,,No,College grad,Civil Engineering,Engineering,2023.0,,,,,,,Unemployed,,,3,,,,,,,,3,4,4,2,1,5,4,3,5,4,2,4,"SPSS, Microsoft Power BI",I am passionate about data science and eager to learn. This scholarship will allow me to advance my career and contribute to my field.
11/06/2019 10:45,31,Cebu,No,,No,College grad,Business Administration,Business,2017.0,,,,,47879.0,42879.0,Employed,Teacher,Social Sciences,0,,,,,,,,5,3,4,5,5,1,1,2,4,4,3,5,"Tableau, SAS, Microsoft Power BI","With this opportunity, I can enhance my skills and use data-driven decision-making to help organizations grow."
01/13/2023 01:38,37,Quezon City,No,,No,College grad,Marketing,Business,2018.0,,,,,47327.0,42327.0,Employed,Data Analyst,Social Sciences,5,,,,,,,,3,3,2,3,1,5,1,5,4,2,4,1,,"Coming from a financially challenged background, I see this as a great opportunity to grow professionally and help others in the future."
01/12/2020 19:56,26,Zamboanga,No,,No,Postgrad,Mathematics Education,Education,2016.0,,,2024.0,Masters in Data Science,25299.0,20299.0,Employed,Teacher,Engineering,3,,,,,,,,3,2,4,1,4,1,3,3,3,2,4,3,,"I believe in continuous learning, and this program will provide me with the necessary knowledge to improve my career prospects."
07/01/2021 09:39,25,Quezon City,No,,No,Postgrad,Nursing,Health Sciences,2016.0,,,2024.0,Masters in Data Science,,,Unemployed,,,3,,,,,,,,5,4,1,4,4,2,1,2,5,3,2,3,"Matlab, SPSS","With this opportunity, I can enhance my skills and use data-driven decision-making to help organizations grow."
05/21/2017 23:18,35,Quezon City,No,,No,Postgrad,Marketing,Business,2016.0,,,2026.0,Masters in Data Science,48296.0,43296.0,Employed,Engineer,Social Sciences,4,,,,,,,,2,5,4,5,5,3,1,3,2,3,3,3,,"I believe in continuous learning, and this program will provide me with the necessary knowledge to improve my career prospects."
09/11/2021 07:54,34,Davao,No,,No,College grad,Political Science,Social Sciences,2017.0,,,,,,,Unemployed,,,3,,,,,,,,2,4,2,3,1,5,5,5,4,1,5,1,"R, Tableau","Coming from a financially challenged background, I see this as a great opportunity to grow professionally and help others in the future."
08/21/2023 08:55,26,Davao,No,,No,College grad,Business Administration,Business,2010.0,,,,,,,Unemployed,,,4,,,,,,,,5,1,4,2,3,1,5,4,3,2,4,5,"SAS, Java, SQL","I believe in continuous learning, and this program will provide me with the necessary knowledge to improve my career prospects."
06/08/2023 18:14,21,Iloilo,No,,No,Postgrad,Electrical Engineering,Engineering,2016.0,,,2025.0,Masters in Data Science,33058.0,28058.0,Employed,Engineer,IT,0,,,,,,,,2,4,5,3,1,3,3,2,5,5,3,3,"SAS, Python",I am passionate about data science and eager to learn. This scholarship will allow me to advance my career and contribute to my field.
10/16/2022 13:50,31,Davao,No,,No,College grad,Computer Science,IT,2015.0,,,,,47065.0,42065.0,Employed,Data Analyst,IT,1,,,,,,,,1,1,4,1,5,1,4,5,3,5,5,2,"Microsoft Excel, Microsoft Power BI","I believe in continuous learning, and this program will provide me with the necessary knowledge to improve my career prospects."
12/04/2017 16:27,28,Quezon City,No,,No,Postgrad,Education,Education,2016.0,,,2025.0,Masters in Data Science,,,Unemployed,,,5,,,,,,,,3,4,3,1,1,2,3,5,2,2,1,5,,"I believe in continuous learning, and this program will provide me with the necessary knowledge to improve my career prospects."
09/28/2021 03:13,30,Iloilo,No,,No,College grad,Software Engineering,IT,2012.0,,,,,,,Unemployed,,,4,,,,,,,,2,2,4,3,4,2,4,3,2,4,2,2,"SQL, Microsoft Power BI","Coming from a financially challenged background, I see this as a great opportunity to grow professionally and help others in the future."
12/14/2022 10:40,24,Zamboanga,No,,No,College grad,Education,Education,2022.0,,,,,,,Unemployed,,,0,,,,,,,,5,4,3,1,2,5,5,1,3,4,1,3,,"I believe in continuous learning, and this program will provide me with the necessary knowledge to improve my career prospects."
09/30/2017 16:04,33,Cebu,No,,No,College grad,Pharmacy,Health Sciences,2012.0,,,,,,,Unemployed,,,2,,,,,,,,3,5,1,4,4,2,5,4,3,1,2,4,"Microsoft Power BI, Java","With this opportunity, I can enhance my skills and use data-driven decision-making to help organizations grow."
02/24/2019 00:22,21,Davao,No,,No,Postgrad,Marketing,Business,2016.0,,,2027.0,Masters in Data Science,31500.0,26500.0,Employed,Accountant,Education,2,,,,,,,,3,3,1,5,5,2,3,4,5,1,3,2,"R, Microsoft Power BI","Coming from a financially challenged background, I see this as a great opportunity to grow professionally and help others in the future."
08/22/2020 01:38,22,Makati,No,,No,College grad,Early Childhood Education,Education,2022.0,,,,,,,Unemployed,,,3,,,,,,,,3,1,3,2,1,3,1,3,5,2,3,3,"Microsoft Excel, R, SPSS","This training is a stepping stone for me to transition into data analysis, a field I have always been interested in."
05/07/2019 17:26,30,Makati,No,,No,Postgrad,Early Childhood Education,Education,2016.0,,,2027.0,Masters in Data Science,,,Unemployed,,,2,,,,,,,,2,2,4,1,4,2,2,4,4,2,1,3,"eViews, SAS, Microsoft Excel","Coming from a financially challenged background, I see this as a great opportunity to grow professionally and help others in the future."
05/31/2018 06:07,24,Iloilo,No,,No,Postgrad,Political Science,Social Sciences,2016.0,,,2025.0,Masters in Data Science,,,Unemployed,,,1,,,,,,,,5,2,1,1,5,4,2,1,1,4,1,1,"Microsoft Power BI, Matlab","I believe in continuous learning, and this program will provide me with the necessary knowledge to improve my career prospects."
07/12/2019 06:01,40,Quezon City,No,,No,College grad,Education,Education,2018.0,,,,,30022.0,25022.0,Employed,Software Developer,Education,4,,,,,,,,5,4,3,3,2,5,5,1,1,4,2,3,,"With this opportunity, I can enhance my skills and use data-driven decision-making to help organizations grow."
01/28/2018 15:27,21,Cagayan de Oro,No,,No,College grad,Sociology,Social Sciences,2011.0,,,,,,,Unemployed,,,2,,,,,,,,5,1,2,1,2,3,3,4,3,5,1,1,,"With this opportunity, I can enhance my skills and use data-driven decision-making to help organizations grow."
10/07/2018 20:43,40,Manila,No,,No,Postgrad,Education,Education,2016.0,,,2026.0,Masters in Data Science,36132.0,31132.0,Employed,Engineer,Social Sciences,0,,,,,,,,4,2,1,2,4,3,5,1,5,3,1,4,"eViews, R",I am passionate about data science and eager to learn. This scholarship will allow me to advance my career and contribute to my field.
10/01/2021 17:56,20,Cebu,No,,No,College grad,Sociology,Social Sciences,2014.0,,,,,43412.0,38412.0,Employed,Engineer,Business,1,,,,,,,,4,3,5,5,3,3,1,5,3,2,3,1,,"Coming from a financially challenged background, I see this as a great opportunity to grow professionally and help others in the future."
03/11/2020 07:29,20,Quezon City,No,,No,College grad,Mathematics Education,Education,2019.0,,,,,32417.0,27417.0,Employed,Marketing Analyst,Social Sciences,3,,,,,,,,4,2,3,4,1,3,1,5,3,2,1,5,,I am passionate about data science and eager to learn. This scholarship will allow me to advance my career and contribute to my field.
05/16/2023 13:10,21,Makati,No,,No,College grad,Psychology,Social Sciences,2020.0,,,,,32143.0,27143.0,Employed,Engineer,Education,4,,,,,,,,3,5,1,4,2,4,1,1,4,5,5,2,"eViews, Python","I believe in continuous learning, and this program will provide me with the necessary knowledge to improve my career prospects."
11/02/2021 11:18,31,Cagayan de Oro,No,,No,Postgrad,Electrical Engineering,Engineering,2016.0,,,2026.0,Masters in Data Science,,,Unemployed,,,4,,,,,,,,4,5,2,3,3,1,4,1,5,5,3,4,Microsoft Power BI,"Coming from a financially challenged background, I see this as a great opportunity to grow professionally and help others in the future."
02/28/2023 10:00,31,Manila,No,,No,Postgrad,Mathematics Education,Education,2016.0,,,2026.0,Masters in Data Science,,,Unemployed,,,0,,,,,,,,4,2,1,1,3,4,4,1,5,4,1,5,"Matlab, SAS, Tableau","With this opportunity, I can enhance my skills and use data-driven decision-making to help organizations grow."
11/12/2024 16:38,36,Baguio,No,,No,College grad,Mechanical Engineering,Engineering,2013.0,,,,,,,Unemployed,,,2,,,,,,,,2,2,3,5,2,4,1,3,4,4,3,3,,"I believe in continuous learning, and this program will provide me with the necessary knowledge to improve my career prospects."
10/25/2017 23:37,20,Makati,No,,No,College grad,Political Science,Social Sciences,2010.0,,,,,29939.0,24939.0,Employed,Nurse,Social Sciences,1,,,,,,,,4,4,3,2,5,4,1,3,4,4,1,3,"Microsoft Power BI, Java, Matlab",I am passionate about data science and eager to learn. This scholarship will allow me to advance my career and contribute to my field.
07/16/2018 01:11,25,Zamboanga,No,,No,College grad,Political Science,Social Sciences,2018.0,,,,,,,Unemployed,,,5,,,,,,,,4,5,4,4,4,2,2,2,5,5,4,5,"Tableau, Matlab","I believe in continuous learning, and this program will provide me with the necessary knowledge to improve my career prospects."
09/19/2024 09:55,39,Bacolod,No,,No,College grad,Sociology,Social Sciences,2021.0,,,,,,,Unemployed,,,1,,,,,,,,2,2,3,3,5,5,3,5,1,2,5,3,"Matlab, Microsoft Power BI","Coming from a financially challenged background, I see this as a great opportunity to grow professionally and help others in the future."
12/05/2017 07:13,32,Davao,No,,No,Postgrad,Marketing,Business,2016.0,,,2026.0,Masters in Data Science,,,Unemployed,,,0,,,,,,,,3,2,1,2,5,4,5,4,4,4,4,3,,"With this opportunity, I can enhance my skills and use data-driven decision-making to help organizations grow."
05/30/2019 21:44,32,Bacolod,No,,No,Postgrad,Civil Engineering,Engineering,2016.0,,,2027.0,Masters in Data Science,,,Unemployed,,,2,,,,,,,,5,1,1,1,2,3,2,3,2,5,1,5,,"This training is a stepping stone for me to transition into data analysis, a field I have always been interested in."
03/03/2022 12:07,31,Bacolod,No,,No,College grad,Nursing,Health Sciences,2020.0,,,,,,,Unemployed,,,0,,,,,,,,3,2,5,1,5,5,1,2,1,1,2,2,"R, eViews, Python",I am passionate about data science and eager to learn. This scholarship will allow me to advance my career and contribute to my field.
07/09/2017 14:38,27,Iloilo,No,,No,College grad,Psychology,Social Sciences,2014.0,,,,,,,Unemployed,,,3,,,,,,,,3,5,4,2,5,4,2,2,3,3,3,1,,"I believe in continuous learning, and this program will provide me with the necessary knowledge to improve my career prospects."
10/28/2019 19:31,39,Bacolod,No,,No,Postgrad,Psychology,Social Sciences,2016.0,,,2025.0,Masters in Data Science,25603.0,20603.0,Employed,Teacher,Education,3,,,,,,,,4,2,5,1,3,4,1,1,2,4,4,4,"Tableau, SPSS, SPSS","With this opportunity, I can enhance my skills and use data-driven decision-making to help organizations grow."
06/16/2017 09:20,30,Bacolod,No,,No,College grad,Information Technology,IT,2018.0,,,,,,,Unemployed,,,1,,,,,,,,3,5,1,3,5,2,2,4,3,4,2,1,,"Coming from a financially challenged background, I see this as a great opportunity to grow professionally and help others in the future."
07/08/2018 15:41,26,Davao,No,,No,College grad,Business Administration,Business,2021.0,,,,,,,Unemployed,,,2,,,,,,,,4,2,5,5,4,1,4,5,4,3,3,5,"Tableau, Matlab, Microsoft Excel","Coming from a financially challenged background, I see this as a great opportunity to grow professionally and help others in the future."
08/20/2018 17:03,36,Iloilo,No,,No,College grad,Political Science,Social Sciences,2012.0,,,,,33696.0,28696.0,Employed,Software Developer,Education,0,,,,,,,,3,1,3,2,2,2,1,1,2,2,4,3,,"With this opportunity, I can enhance my skills and use data-driven decision-making to help organizations grow."
01/17/2022 11:57,21,Makati,No,,No,College grad,Mathematics Education,Education,2017.0,,,,,32457.0,27457.0,Employed,Engineer,Business,2,,,,,,,,4,2,5,1,3,4,4,4,4,3,1,3,Stats,"This training is a stepping stone for me to transition into data analysis, a field I have always been interested in."
07/04/2019 15:30,38,Davao,No,,No,Postgrad,Mathematics Education,Education,2016.0,,,2027.0,Masters in Data Science,41360.0,36360.0,Employed,Accountant,Business,3,,,,,,,,4,3,1,4,3,2,3,3,1,5,4,2,,"I believe in continuous learning, and this program will provide me with the necessary knowledge to improve my career prospects."
04/04/2024 14:49,23,Cebu,No,,No,College grad,Mechanical Engineering,Engineering,2018.0,,,,,45021.0,40021.0,Employed,Software Developer,Business,5,,,,,,,,1,5,3,5,3,1,3,5,1,1,3,5,"Stats, SPSS, SQL",I am passionate about data science and eager to learn. This scholarship will allow me to advance my career and contribute to my field.
01/24/2024 06:41,32,Cagayan de Oro,No,,No,College grad,Electrical Engineering,Engineering,2011.0,,,,,,,Unemployed,,,4,,,,,,,,2,3,4,4,4,1,2,4,5,5,5,3,,I am passionate about data science and eager to learn. This scholarship will allow me to advance my career and contribute to my field.
07/26/2023 19:32,32,Cagayan de Oro,No,,No,College grad,Software Engineering,IT,2016.0,,,,,29618.0,24618.0,Employed,Teacher,Education,4,,,,,,,,3,2,2,2,2,1,1,4,2,5,4,2,,"I believe in continuous learning, and this program will provide me with the necessary knowledge to improve my career prospects."
08/30/2019 23:12,25,Iloilo,No,,No,College grad,Accounting,Business,2011.0,,,,,,,Unemployed,,,0,,,,,,,,2,2,4,5,3,5,1,5,4,2,3,1,"eViews, SQL","Coming from a financially challenged background, I see this as a great opportunity to grow professionally and help others in the future."
07/31/2022 05:48,31,Quezon City,No,,No,College grad,Medical Technology,Health Sciences,2010.0,,,,,49054.0,44054.0,Employed,Engineer,Health Sciences,0,,,,,,,,1,2,3,4,1,4,1,5,3,1,2,3,"Matlab, SAS","This training is a stepping stone for me to transition into data analysis, a field I have always been interested in."
05/04/2024 05:34,20,Iloilo,No,,No,College grad,Early Childhood Education,Education,2010.0,,,,,,,Unemployed,,,5,,,,,,,,3,2,3,2,3,4,2,4,4,3,1,5,,"I believe in continuous learning, and this program will provide me with the necessary knowledge to improve my career prospects."
09/30/2023 01:40,24,Makati,No,,No,College grad,Early Childhood Education,Education,2010.0,,,,,,,Unemployed,,,2,,,,,,,,2,5,4,1,3,5,4,3,5,2,5,2,"Java, SAS, SPSS","With this opportunity, I can enhance my skills and use data-driven decision-making to help organizations grow."
09/06/2019 08:18,35,Cagayan de Oro,No,,No,Postgrad,Software Engineering,IT,2016.0,,,2025.0,Masters in Data Science,,,Unemployed,,,5,,,,,,,,1,4,4,5,1,2,4,3,4,1,4,1,"eViews, Python, R","Coming from a financially challenged background, I see this as a great opportunity to grow professionally and help others in the future."
12/23/2023 10:49,30,Baguio,No,,No,College grad,Accounting,Business,2010.0,,,,,25632.0,20632.0,Employed,Teacher,Health Sciences,1,,,,,,,,4,2,1,2,1,5,4,3,1,4,2,4,,"This training is a stepping stone for me to transition into data analysis, a field I have always been interested in."
12/05/2022 12:00,24,Cagayan de Oro,No,,No,College grad,Information Technology,IT,2017.0,,,,,,,Unemployed,,,2,,,,,,,,5,2,5,2,3,5,1,1,4,2,3,3,,"With this opportunity, I can enhance my skills and use data-driven decision-making to help organizations grow."
03/16/2023 05:25,32,Davao,No,,No,College grad,Computer Science,IT,2022.0,,,,,30997.0,25997.0,Employed,Software Developer,Education,3,,,,,,,,5,1,3,5,4,3,4,3,1,2,1,5,"SPSS, eViews, eViews","Coming from a financially challenged background, I see this as a great opportunity to grow professionally and help others in the future."
07/22/2018 20:46,25,Cagayan de Oro,No,,No,College grad,Software Engineering,IT,2013.0,,,,,32754.0,27754.0,Employed,Teacher,Engineering,5,,,,,,,,3,5,4,2,4,2,2,2,3,1,3,2,,"I believe in continuous learning, and this program will provide me with the necessary knowledge to improve my career prospects."
07/22/2023 16:18,33,Davao,No,,No,Postgrad,Mechanical Engineering,Engineering,2016.0,,,2024.0,Masters in Data Science,,,Unemployed,,,3,,,,,,,,4,1,5,2,1,5,4,3,5,2,4,1,,"Coming from a financially challenged background, I see this as a great opportunity to grow professionally and help others in the future."
04/29/2020 14:22,40,Cagayan de Oro,No,,No,College grad,Software Engineering,IT,2020.0,,,,,34962.0,29962.0,Employed,Data Analyst,Health Sciences,3,,,,,,,,5,5,1,1,5,5,4,3,3,5,1,4,Microsoft Excel,"This training is a stepping stone for me to transition into data analysis, a field I have always been interested in."
10/13/2017 10:28,35,Quezon City,No,,No,Postgrad,Mathematics Education,Education,2016.0,,,2024.0,Masters in Data Science,,,Unemployed,,,5,,,,,,,,5,1,4,5,5,2,5,5,1,1,4,1,Stats,"This training is a stepping stone for me to transition into data analysis, a field I have always been interested in."
10/23/2022 21:22,40,Iloilo,No,,No,Postgrad,Mechanical Engineering,Engineering,2016.0,,,2025.0,Masters in Data Science,30279.0,25279.0,Employed,Marketing Analyst,Engineering,2,,,,,,,,5,5,3,4,1,3,4,2,1,5,5,4,,"With this opportunity, I can enhance my skills and use data-driven decision-making to help organizations grow."
11/08/2020 23:16,39,Cagayan de Oro,No,,No,College grad,Medical Technology,Health Sciences,2014.0,,,,,,,Unemployed,,,4,,,,,,,,5,4,3,2,3,1,5,3,4,3,5,4,,I am passionate about data science and eager to learn. This scholarship will allow me to advance my career and contribute to my field.
04/22/2017 04:20,39,Zamboanga,No,,No,College grad,Nursing,Health Sciences,2022.0,,,,,25210.0,20210.0,Employed,Nurse,IT,0,,,,,,,,4,3,1,4,4,2,5,5,1,1,2,5,,"This training is a stepping stone for me to transition into data analysis, a field I have always been interested in."
03/10/2023 10:05,33,Cebu,No,,No,College grad,Mathematics Education,Education,2020.0,,,,,,,Unemployed,,,2,,,,,,,,1,1,5,4,5,2,2,3,1,5,1,5,,I am passionate about data science and eager to learn. This scholarship will allow me to advance my career and contribute to my field.
11/02/2024 08:26,40,Bacolod,No,,No,Postgrad,Psychology,Social Sciences,2016.0,,,2026.0,Masters in Data Science,,,Unemployed,,,2,,,,,,,,3,2,3,4,4,4,5,3,2,2,4,5,"Matlab, Java","This training is a stepping stone for me to transition into data analysis, a field I have always been interested in."
12/18/2018 06:16,26,Makati,No,,No,College grad,Marketing,Business,2014.0,,,,,,,Unemployed,,,5,,,,,,,,3,5,2,5,3,2,1,2,2,1,1,1,"R, Python, SQL","This training is a stepping stone for me to transition into data analysis, a field I have always been interested in."
06/30/2018 08:10,33,Davao,No,,No,College grad,Computer Science,IT,2010.0,,,,,,,Unemployed,,,2,,,,,,,,4,2,2,5,2,4,4,4,1,5,3,5,Python,"I believe in continuous learning, and this program will provide me with the necessary knowledge to improve my career prospects."
05/23/2024 03:50,38,Manila,No,,No,College grad,Marketing,Business,2018.0,,,,,,,Unemployed,,,1,,,,,,,,2,2,4,3,3,1,1,1,5,4,5,1,"Matlab, SPSS, R","Coming from a financially challenged background, I see this as a great opportunity to grow professionally and help others in the future."
08/21/2023 14:20,31,Makati,No,,No,College grad,Electrical Engineering,Engineering,2022.0,,,,,39910.0,34910.0,Employed,Accountant,Business,4,,,,,,,,3,5,5,5,3,1,4,3,4,5,4,2,Microsoft Power BI,"With this opportunity, I can enhance my skills and use data-driven decision-making to help organizations grow."
08/01/2019 01:20,35,Iloilo,No,,No,College grad,Political Science,Social Sciences,2013.0,,,,,44886.0,39886.0,Employed,Marketing Analyst,Business,5,,,,,,,,2,5,1,1,1,2,1,2,4,2,3,5,,"I believe in continuous learning, and this program will provide me with the necessary knowledge to improve my career prospects."
04/21/2024 22:16,22,Iloilo,No,,No,College grad,Nursing,Health Sciences,2022.0,,,,,42215.0,37215.0,Employed,Marketing Analyst,Social Sciences,3,,,,,,,,3,3,4,4,4,3,2,2,3,4,5,3,,"This training is a stepping stone for me to transition into data analysis, a field I have always been interested in."
02/19/2018 06:21,30,Baguio,No,,No,Postgrad,Nursing,Health Sciences,2016.0,,,2024.0,Masters in Data Science,46129.0,41129.0,Employed,Engineer,Education,2,,,,,,,,2,1,2,4,2,3,1,4,3,2,4,2,,I am passionate about data science and eager to learn. This scholarship will allow me to advance my career and contribute to my field.
10/18/2021 11:21,31,Cagayan de Oro,No,,No,College grad,Accounting,Business,2015.0,,,,,48347.0,43347.0,Employed,Software Developer,Engineering,0,,,,,,,,1,4,1,1,2,2,5,4,5,1,1,3,"Python, Java","Coming from a financially challenged background, I see this as a great opportunity to grow professionally and help others in the future."
05/10/2019 02:44,20,Bacolod,No,,No,Postgrad,Business Administration,Business,2016.0,,,2027.0,Masters in Data Science,,,Unemployed,,,2,,,,,,,,3,5,3,1,5,2,1,2,5,1,2,4,"SPSS, Stats","I believe in continuous learning, and this program will provide me with the necessary knowledge to improve my career prospects."
01/29/2020 19:00,31,Cagayan de Oro,No,,No,College grad,Sociology,Social Sciences,2015.0,,,,,38661.0,33661.0,Employed,Engineer,Health Sciences,4,,,,,,,,2,5,5,5,2,1,3,2,3,4,1,4,,I am passionate about data science and eager to learn. This scholarship will allow me to advance my career and contribute to my field.
07/21/2024 18:37,34,Bacolod,No,,No,College grad,Mechanical Engineering,Engineering,2023.0,,,,,,,Unemployed,,,1,,,,,,,,5,3,1,4,2,5,1,2,2,2,4,2,"SPSS, Microsoft Excel, SAS","With this opportunity, I can enhance my skills and use data-driven decision-making to help organizations grow."
12/18/2020 03:58,28,Cebu,No,,No,College grad,Accounting,Business,2023.0,,,,,33076.0,28076.0,Employed,Accountant,Education,0,,,,,,,,4,1,3,5,4,1,1,2,5,1,4,4,"SAS, Microsoft Power BI","With this opportunity, I can enhance my skills and use data-driven decision-making to help organizations grow."
10/18/2022 08:21,21,Cebu,No,,No,Postgrad,Accounting,Business,2016.0,,,2024.0,Masters in Data Science,47026.0,42026.0,Employed,Engineer,Education,0,,,,,,,,5,1,1,4,2,3,2,1,4,4,5,2,Matlab,I am passionate about data science and eager to learn. This scholarship will allow me to advance my career and contribute to my field.
02/20/2022 14:09,21,Iloilo,No,,No,College grad,Nursing,Health Sciences,2016.0,,,,,,,Unemployed,,,5,,,,,,,,1,2,5,3,4,1,5,4,2,2,2,4,,"Coming from a financially challenged background, I see this as a great opportunity to grow professionally and help others in the future."
07/29/2024 03:34,40,Zamboanga,No,,No,College grad,Medical Technology,Health Sciences,2022.0,,,,,40748.0,35748.0,Employed,Marketing Analyst,Business,0,,,,,,,,2,4,1,4,4,3,4,5,2,3,2,2,,I am passionate about data science and eager to learn. This scholarship will allow me to advance my career and contribute to my field.
01/01/2023 19:28,39,Baguio,No,,No,College grad,Accounting,Business,2014.0,,,,,48433.0,43433.0,Employed,Marketing Analyst,IT,1,,,,,,,,3,4,3,1,4,4,1,2,3,1,3,3,"Java, Python","This training is a stepping stone for me to transition into data analysis, a field I have always been interested in."
06/18/2019 07:09,26,Zamboanga,No,,No,College grad,Civil Engineering,Engineering,2020.0,,,,,,,Unemployed,,,1,,,,,,,,5,5,2,1,5,3,4,4,5,1,2,5,,I am passionate about data science and eager to learn. This scholarship will allow me to advance my career and contribute to my field.
12/14/2023 08:13,36,Baguio,No,,No,College grad,Political Science,Social Sciences,2013.0,,,,,,,Unemployed,,,4,,,,,,,,3,3,4,2,3,5,5,1,5,2,1,1,"eViews, Matlab, Java","This training is a stepping stone for me to transition into data analysis, a field I have always been interested in."
11/28/2020 02:52,29,Quezon City,No,,No,College grad,Psychology,Social Sciences,2019.0,,,,,,,Unemployed,,,1,,,,,,,,5,5,4,1,4,5,3,3,4,4,3,1,Tableau,"Coming from a financially challenged background, I see this as a great opportunity to grow professionally and help others in the future."
03/19/2020 16:20,36,Davao,No,,No,College grad,Education,Education,2010.0,,,,,,,Unemployed,,,5,,,,,,,,4,1,4,2,3,2,3,2,3,3,3,5,SAS,"Coming from a financially challenged background, I see this as a great opportunity to grow professionally and help others in the future."
03/16/2018 13:48,33,Makati,No,,No,Postgrad,Early Childhood Education,Education,2016.0,,,2027.0,Masters in Data Science,,,Unemployed,,,2,,,,,,,,2,3,4,2,1,1,3,1,3,3,1,5,,"This training is a stepping stone for me to transition into data analysis, a field I have always been interested in."
06/26/2019 17:07,29,Makati,No,,No,College grad,Sociology,Social Sciences,2022.0,,,,,26366.0,21366.0,Employed,Engineer,Engineering,2,,,,,,,,4,1,2,2,3,4,2,5,4,2,5,4,"Matlab, Stats, Matlab","With this opportunity, I can enhance my skills and use data-driven decision-making to help organizations grow."
07/26/2019 04:13,24,Iloilo,No,,No,College grad,Computer Science,IT,2016.0,,,,,,,Unemployed,,,5,,,,,,,,4,3,2,2,2,2,4,3,3,4,1,3,Stats,"With this opportunity, I can enhance my skills and use data-driven decision-making to help organizations grow."
02/15/2023 19:08,36,Cebu,No,,No,College grad,Education,Education,2023.0,,,,,,,Unemployed,,,4,,,,,,,,3,4,5,5,1,3,5,4,3,5,2,3,"Python, Microsoft Excel, SQL",I am passionate about data science and eager to learn. This scholarship will allow me to advance my career and contribute to my field.
11/13/2019 22:02,30,Manila,No,,No,College grad,Education,Education,2012.0,,,,,,,Unemployed,,,2,,,,,,,,1,1,4,4,1,2,4,1,5,2,3,1,,"I believe in continuous learning, and this program will provide me with the necessary knowledge to improve my career prospects."
02/18/2019 23:34,31,Davao,No,,No,College grad,Sociology,Social Sciences,2015.0,,,,,,,Unemployed,,,1,,,,,,,,4,3,3,2,5,2,1,5,5,3,1,1,,"I believe in continuous learning, and this program will provide me with the necessary knowledge to improve my career prospects."
10/04/2020 05:04,20,Quezon City,No,,No,College grad,Education,Education,2018.0,,,,,,,Unemployed,,,3,,,,,,,,3,1,5,5,4,5,3,3,1,2,2,2,,"Coming from a financially challenged background, I see this as a great opportunity to grow professionally and help others in the future."
05/16/2023 18:24,36,Cebu,No,,No,College grad,Mathematics Education,Education,2010.0,,,,,,,Unemployed,,,1,,,,,,,,2,5,2,1,5,5,5,4,4,1,5,4,"Microsoft Power BI, SQL, Java",I am passionate about data science and eager to learn. This scholarship will allow me to advance my career and contribute to my field.
11/22/2023 09:52,31,Cebu,No,,No,College grad,Accounting,Business,2015.0,,,,,25788.0,20788.0,Employed,Marketing Analyst,Social Sciences,1,,,,,,,,3,5,3,3,2,3,1,3,1,3,2,1,"SAS, Stats","With this opportunity, I can enhance my skills and use data-driven decision-making to help organizations grow."
10/26/2018 02:46,32,Makati,No,,No,College grad,Marketing,Business,2019.0,,,,,,,Unemployed,,,1,,,,,,,,1,2,3,1,4,4,3,1,2,4,4,2,Microsoft Excel,I am passionate about data science and eager to learn. This scholarship will allow me to advance my career and contribute to my field.
12/10/2023 11:04,38,Cagayan de Oro,No,,No,College grad,Political Science,Social Sciences,2013.0,,,,,43206.0,38206.0,Employed,Engineer,Engineering,3,,,,,,,,4,4,3,3,3,3,4,4,4,1,3,4,"SAS, SAS, Matlab","This training is a stepping stone for me to transition into data analysis, a field I have always been interested in."
05/30/2017 06:46,30,Makati,No,,No,College grad,Mechanical Engineering,Engineering,2016.0,,,,,34050.0,29050.0,Employed,Nurse,Business,1,,,,,,,,3,2,4,3,2,1,1,4,1,3,3,1,,I am passionate about data science and eager to learn. This scholarship will allow me to advance my career and contribute to my field.
08/24/2017 12:09,25,Quezon City,No,,No,College grad,Information Technology,IT,2013.0,,,,,46590.0,41590.0,Employed,Data Analyst,Social Sciences,3,,,,,,,,2,2,4,2,2,3,3,2,2,3,2,3,,"Coming from a financially challenged background, I see this as a great opportunity to grow professionally and help others in the future."
01/25/2018 03:23,32,Cebu,No,,No,College grad,Business Administration,Business,2021.0,,,,,,,Unemployed,,,2,,,,,,,,1,4,5,2,2,4,4,4,4,5,5,2,R,"This training is a stepping stone for me to transition into data analysis, a field I have always been interested in."
10/22/2017 23:24,31,Zamboanga,No,,No,College grad,Computer Science,IT,2017.0,,,,,33869.0,28869.0,Employed,Engineer,Engineering,3,,,,,,,,3,4,4,1,3,1,5,2,1,4,3,5,"Stats, Tableau","Coming from a financially challenged background, I see this as a great opportunity to grow professionally and help others in the future."
12/18/2018 21:08,20,Iloilo,No,,No,College grad,Mathematics Education,Education,2010.0,,,,,,,Unemployed,,,2,,,,,,,,5,1,1,1,5,1,5,3,4,2,3,5,,I am passionate about data science and eager to learn. This scholarship will allow me to advance my career and contribute to my field.
11/19/2023 19:28,21,Manila,No,,No,College grad,Nursing,Health Sciences,2018.0,,,,,,,Unemployed,,,2,,,,,,,,4,5,3,2,4,2,3,5,4,5,3,5,,"This training is a stepping stone for me to transition into data analysis, a field I have always been interested in."
06/17/2021 06:47,33,Quezon City,No,,No,College grad,Accounting,Business,2012.0,,,,,27260.0,22260.0,Employed,Marketing Analyst,Health Sciences,0,,,,,,,,4,5,4,5,5,5,3,2,4,4,5,4,,I am passionate about data science and eager to learn. This scholarship will allow me to advance my career and contribute to my field.
01/24/2018 19:28,24,Zamboanga,No,,No,College grad,Business Administration,Business,2020.0,,,,,,,Unemployed,,,1,,,,,,,,4,4,3,1,4,4,4,5,2,3,5,3,,"Coming from a financially challenged background, I see this as a great opportunity to grow professionally and help others in the future."
06/05/2024 14:43,25,Manila,No,,No,College grad,Early Childhood Education,Education,2020.0,,,,,,,Unemployed,,,3,,,,,,,,1,5,3,3,5,2,1,2,4,2,5,3,,"I believe in continuous learning, and this program will provide me with the necessary knowledge to improve my career prospects."
12/01/2022 05:34,37,Baguio,No,,No,College grad,Early Childhood Education,Education,2022.0,,,,,29717.0,24717.0,Employed,Teacher,Health Sciences,5,,,,,,,,4,4,4,3,3,3,5,1,2,5,1,2,,"I believe in continuous learning, and this program will provide me with the necessary knowledge to improve my career prospects."
08/23/2018 13:19,29,Zamboanga,No,,No,College grad,Nursing,Health Sciences,2022.0,,,,,41914.0,36914.0,Employed,Accountant,IT,3,,,,,,,,3,2,2,4,2,2,5,5,2,2,4,3,,I am passionate about data science and eager to learn. This scholarship will allow me to advance my career and contribute to my field.
01/13/2024 04:38,31,Bacolod,No,,No,College grad,Marketing,Business,2013.0,,,,,42067.0,37067.0,Employed,Nurse,Business,4,,,,,,,,3,5,4,5,3,2,5,1,1,4,2,3,,"With this opportunity, I can enhance my skills and use data-driven decision-making to help organizations grow."
12/26/2018 18:37,40,Cagayan de Oro,No,,No,College grad,Mechanical Engineering,Engineering,2014.0,,,,,,,Unemployed,,,4,,,,,,,,4,1,1,3,2,1,1,1,5,5,1,5,R,"This training is a stepping stone for me to transition into data analysis, a field I have always been interested in."
11/24/2024 18:56,22,Cebu,No,,No,College grad,Marketing,Business,2011.0,,,,,29737.0,24737.0,Employed,Engineer,Business,4,,,,,,,,3,3,1,2,3,2,3,3,4,4,4,5,,I am passionate about data science and eager to learn. This scholarship will allow me to advance my career and contribute to my field.
10/31/2022 13:35,21,Zamboanga,No,,No,College grad,Pharmacy,Health Sciences,2020.0,,,,,,,Unemployed,,,5,,,,,,,,5,3,2,3,1,3,5,2,2,4,5,5,,I am passionate about data science and eager to learn. This scholarship will allow me to advance my career and contribute to my field.
08/11/2023 20:23,38,Manila,No,,No,College grad,Mathematics Education,Education,2020.0,,,,,,,Unemployed,,,4,,,,,,,,3,2,2,5,3,3,4,2,1,2,1,2,"eViews, Python, R","With this opportunity, I can enhance my skills and use data-driven decision-making to help organizations grow."
04/14/2023 03:28,37,Davao,No,,No,Postgrad,Education,Education,2016.0,,,2026.0,Masters in Data Science,,,Unemployed,,,0,,,,,,,,2,4,1,5,2,4,5,5,3,2,5,1,"SAS, Python, Matlab",I am passionate about data science and eager to learn. This scholarship will allow me to advance my career and contribute to my field.
12/26/2022 12:55,38,Davao,No,,No,College grad,Pharmacy,Health Sciences,2011.0,,,,,,,Unemployed,,,1,,,,,,,,3,4,3,5,2,4,2,4,4,5,3,1,"SQL, Python, Matlab","With this opportunity, I can enhance my skills and use data-driven decision-making to help organizations grow."
12/22/2024 16:59,40,Manila,No,,No,College grad,Education,Education,2021.0,,,,,25848.0,20848.0,Employed,Data Analyst,Business,3,,,,,,,,3,4,3,3,3,2,3,3,5,5,3,2,,"This training is a stepping stone for me to transition into data analysis, a field I have always been interested in."
03/04/2019 03:48,28,Manila,No,,No,College grad,Education,Education,2023.0,,,,,,,Unemployed,,,3,,,,,,,,1,1,2,1,5,4,3,4,4,3,1,5,,"I believe in continuous learning, and this program will provide me with the necessary knowledge to improve my career prospects."
08/21/2018 00:20,37,Quezon City,No,,No,Postgrad,Education,Education,2016.0,,,2024.0,Masters in Data Science,,,Unemployed,,,2,,,,,,,,3,3,5,5,1,3,5,3,1,5,5,4,,"With this opportunity, I can enhance my skills and use data-driven decision-making to help organizations grow."
03/19/2017 23:54,40,Manila,No,,No,College grad,Nursing,Health Sciences,2015.0,,,,,29629.0,24629.0,Employed,Software Developer,Engineering,5,,,,,,,,3,4,5,2,1,2,5,4,4,2,1,1,,"Coming from a financially challenged background, I see this as a great opportunity to grow professionally and help others in the future."
04/22/2020 03:51,25,Manila,No,,No,College grad,Sociology,Social Sciences,2018.0,,,,,47622.0,42622.0,Employed,Data Analyst,Education,4,,,,,,,,4,2,4,3,2,5,3,4,1,2,3,4,"R, Tableau","Coming from a financially challenged background, I see this as a great opportunity to grow professionally and help others in the future."
09/22/2024 10:40,39,Quezon City,No,,No,College grad,Mathematics Education,Education,2023.0,,,,,,,Unemployed,,,3,,,,,,,,5,3,2,1,4,5,1,3,3,1,3,2,"SPSS, SAS","Coming from a financially challenged background, I see this as a great opportunity to grow professionally and help others in the future."
11/20/2021 20:40,38,Zamboanga,No,,No,College grad,Civil Engineering,Engineering,2014.0,,,,,,,Unemployed,,,4,,,,,,,,3,2,1,3,2,3,1,1,1,3,5,4,,"With this opportunity, I can enhance my skills and use data-driven decision-making to help organizations grow."
08/24/2019 03:58,39,Baguio,No,,No,College grad,Nursing,Health Sciences,2011.0,,,,,,,Unemployed,,,4,,,,,,,,2,5,4,2,2,4,2,2,2,3,2,3,"Stats, Stats","I believe in continuous learning, and this program will provide me with the necessary knowledge to improve my career prospects."
06/01/2022 18:12,34,Baguio,No,,No,Postgrad,Nursing,Health Sciences,2016.0,,,2025.0,Masters in Data Science,34978.0,29978.0,Employed,Accountant,Engineering,2,,,,,,,,5,2,3,4,2,1,5,1,4,4,1,3,,I am passionate about data science and eager to learn. This scholarship will allow me to advance my career and contribute to my field.
03/20/2022 19:49,36,Baguio,No,,No,College grad,Sociology,Social Sciences,2019.0,,,,,,,Unemployed,,,3,,,,,,,,4,3,2,3,1,3,1,5,2,2,1,1,,"I believe in continuous learning, and this program will provide me with the necessary knowledge to improve my career prospects."
01/14/2021 18:47,37,Quezon City,No,,No,College grad,Nursing,Health Sciences,2010.0,,,,,,,Unemployed,,,0,,,,,,,,1,2,3,1,4,2,2,3,3,5,2,4,"Stats, eViews","This training is a stepping stone for me to transition into data analysis, a field I have always been interested in."
09/07/2020 06:59,35,Baguio,No,,No,College grad,Early Childhood Education,Education,2011.0,,,,,49916.0,44916.0,Employed,Data Analyst,Health Sciences,5,,,,,,,,4,2,3,3,2,5,4,2,1,1,3,5,,"Coming from a financially challenged background, I see this as a great opportunity to grow professionally and help others in the future."
03/25/2018 11:40,34,Cagayan de Oro,No,,No,College grad,Education,Education,2016.0,,,,,34863.0,29863.0,Employed,Marketing Analyst,Social Sciences,3,,,,,,,,5,2,2,5,2,1,4,5,2,5,1,5,"SPSS, SQL","Coming from a financially challenged background, I see this as a great opportunity to grow professionally and help others in the future."
10/15/2022 17:27,30,Makati,No,,No,College grad,Software Engineering,IT,2011.0,,,,,39231.0,34231.0,Employed,Marketing Analyst,Social Sciences,2,,,,,,,,3,4,3,1,1,3,5,2,3,3,3,3,"Microsoft Excel, Tableau, Java","With this opportunity, I can enhance my skills and use data-driven decision-making to help organizations grow."
02/21/2019 08:40,23,Iloilo,No,,No,College grad,Electrical Engineering,Engineering,2021.0,,,,,,,Unemployed,,,1,,,,,,,,4,5,2,5,5,5,1,4,1,5,1,1,,"This training is a stepping stone for me to transition into data analysis, a field I have always been interested in."
01/30/2019 23:39,30,Manila,No,,No,College grad,Marketing,Business,2016.0,,,,,,,Unemployed,,,2,,,,,,,,2,5,1,2,2,1,5,2,5,3,3,1,SQL,"I believe in continuous learning, and this program will provide me with the necessary knowledge to improve my career prospects."
06/25/2022 23:32,23,Davao,No,,No,College grad,Education,Education,2014.0,,,,,,,Unemployed,,,5,,,,,,,,5,1,1,2,3,5,4,4,1,4,1,2,R,"This training is a stepping stone for me to transition into data analysis, a field I have always been interested in."
12/20/2022 18:26,35,Cebu,No,,No,College grad,Electrical Engineering,Engineering,2011.0,,,,,43034.0,38034.0,Employed,Nurse,Health Sciences,5,,,,,,,,4,5,3,4,2,1,3,3,2,5,5,5,"SPSS, Java, R","Coming from a financially challenged background, I see this as a great opportunity to grow professionally and help others in the future."
05/07/2022 13:45,36,Iloilo,No,,No,College grad,Early Childhood Education,Education,2018.0,,,,,,,Unemployed,,,1,,,,,,,,5,3,5,4,1,3,1,2,5,5,1,3,,"I believe in continuous learning, and this program will provide me with the necessary knowledge to improve my career prospects."
08/03/2024 18:43,20,Makati,No,,No,College grad,Early Childhood Education,Education,2020.0,,,,,,,Unemployed,,,2,,,,,,,,4,2,1,3,5,2,5,2,4,2,1,2,"Microsoft Power BI, R, SPSS",I am passionate about data science and eager to learn. This scholarship will allow me to advance my career and contribute to my field.
01/22/2023 17:04,40,Davao,No,,No,College grad,Political Science,Social Sciences,2022.0,,,,,37072.0,32072.0,Employed,Nurse,Engineering,4,,,,,,,,2,3,4,5,5,5,4,4,4,5,1,4,,"Coming from a financially challenged background, I see this as a great opportunity to grow professionally and help others in the future."
05/18/2021 04:28,20,Makati,No,,No,College grad,Education,Education,2018.0,,,,,,,Unemployed,,,4,,,,,,,,1,5,4,3,1,5,5,2,4,3,4,2,,"I believe in continuous learning, and this program will provide me with the necessary knowledge to improve my career prospects."
03/29/2020 05:06,26,Cagayan de Oro,No,,No,College grad,Psychology,Social Sciences,2014.0,,,,,,,Unemployed,,,3,,,,,,,,3,5,2,4,3,4,4,3,5,2,1,4,"Stats, SQL","This training is a stepping stone for me to transition into data analysis, a field I have always been interested in."
07/07/2019 15:57,40,Makati,No,,No,Postgrad,Accounting,Business,2016.0,,,2027.0,Masters in Data Science,39767.0,34767.0,Employed,Data Analyst,Engineering,1,,,,,,,,2,4,3,4,5,4,3,1,3,3,4,1,,"With this opportunity, I can enhance my skills and use data-driven decision-making to help organizations grow."
02/22/2017 09:38,24,Davao,No,,No,College grad,Computer Science,IT,2010.0,,,,,30073.0,25073.0,Employed,Accountant,IT,5,,,,,,,,5,5,4,4,4,5,3,2,2,3,4,4,"R, R","Coming from a financially challenged background, I see this as a great opportunity to grow professionally and help others in the future."
07/21/2021 09:04,20,Davao,No,,No,Postgrad,Pharmacy,Health Sciences,2016.0,,,2027.0,Masters in Data Science,45143.0,40143.0,Employed,Engineer,Social Sciences,4,,,,,,,,3,1,3,2,3,5,3,2,4,4,1,2,,"With this opportunity, I can enhance my skills and use data-driven decision-making to help organizations grow."
10/28/2021 02:44,21,Cebu,No,,No,College grad,Pharmacy,Health Sciences,2013.0,,,,,,,Unemployed,,,5,,,,,,,,5,3,3,1,3,2,5,4,2,5,2,2,,"This training is a stepping stone for me to transition into data analysis, a field I have always been interested in."
04/19/2023 01:04,21,Cebu,No,,No,College grad,Mechanical Engineering,Engineering,2011.0,,,,,41166.0,36166.0,Employed,Marketing Analyst,IT,3,,,,,,,,3,5,1,5,1,1,3,3,4,4,2,5,,"This training is a stepping stone for me to transition into data analysis, a field I have always been interested in."
12/14/2021 08:56,20,Iloilo,No,,No,College grad,Civil Engineering,Engineering,2021.0,,,,,,,Unemployed,,,0,,,,,,,,1,5,3,2,2,2,2,5,3,2,1,4,,"This training is a stepping stone for me to transition into data analysis, a field I have always been interested in."
05/18/2019 09:18,25,Cebu,No,,No,College grad,Computer Science,IT,2022.0,,,,,,,Unemployed,,,3,,,,,,,,2,2,3,5,5,4,5,2,4,1,1,3,SPSS,"With this opportunity, I can enhance my skills and use data-driven decision-making to help organizations grow."
03/15/2018 08:57,35,Quezon City,No,,No,College grad,Political Science,Social Sciences,2017.0,,,,,,,Unemployed,,,0,,,,,,,,3,5,4,4,3,3,4,1,3,5,1,4,,"Coming from a financially challenged background, I see this as a great opportunity to grow professionally and help others in the future."
06/19/2023 02:43,34,Cagayan de Oro,No,,No,College grad,Accounting,Business,2011.0,,,,,,,Unemployed,,,3,,,,,,,,5,2,3,1,4,3,2,1,2,1,4,2,"eViews, Matlab, Python",I am passionate about data science and eager to learn. This scholarship will allow me to advance my career and contribute to my field.
11/05/2022 18:46,25,Makati,No,,No,College grad,Business Administration,Business,2011.0,,,,,34057.0,29057.0,Employed,Nurse,Engineering,1,,,,,,,,4,2,3,1,3,1,3,4,5,2,3,2,SPSS,"With this opportunity, I can enhance my skills and use data-driven decision-making to help organizations grow."
06/27/2017 19:56,25,Iloilo,No,,No,College grad,Mathematics Education,Education,2020.0,,,,,28130.0,23130.0,Employed,Software Developer,Education,3,,,,,,,,4,3,5,2,1,1,1,5,3,5,2,5,"SAS, Microsoft Excel","I believe in continuous learning, and this program will provide me with the necessary knowledge to improve my career prospects."
04/07/2021 03:03,33,Bacolod,No,,No,College grad,Mechanical Engineering,Engineering,2011.0,,,,,42396.0,37396.0,Employed,Engineer,Engineering,3,,,,,,,,2,2,2,3,5,2,1,4,4,5,2,3,"R, Microsoft Power BI, Python","Coming from a financially challenged background, I see this as a great opportunity to grow professionally and help others in the future."
10/21/2021 03:28,40,Iloilo,No,,No,College grad,Sociology,Social Sciences,2011.0,,,,,45250.0,40250.0,Employed,Marketing Analyst,Engineering,1,,,,,,,,4,2,5,4,4,4,1,2,3,3,2,3,Microsoft Power BI,"This training is a stepping stone for me to transition into data analysis, a field I have always been interested in."
09/22/2018 02:05,24,Iloilo,No,,No,College grad,Information Technology,IT,2015.0,,,,,,,Unemployed,,,4,,,,,,,,1,3,5,3,2,4,2,3,2,3,5,1,,"Coming from a financially challenged background, I see this as a great opportunity to grow professionally and help others in the future."
06/21/2022 10:26,28,Manila,No,,No,College grad,Nursing,Health Sciences,2014.0,,,,,,,Unemployed,,,4,,,,,,,,5,5,1,5,1,1,4,3,1,5,2,3,"Stats, Stats, SPSS","This training is a stepping stone for me to transition into data analysis, a field I have always been interested in."
02/18/2019 21:18,37,Zamboanga,No,,No,College grad,Mathematics Education,Education,2016.0,,,,,45670.0,40670.0,Employed,Accountant,IT,1,,,,,,,,2,2,4,5,1,5,5,1,3,3,4,5,,"This training is a stepping stone for me to transition into data analysis, a field I have always been interested in."
12/30/2021 06:33,28,Makati,No,,No,College grad,Mathematics Education,Education,2013.0,,,,,,,Unemployed,,,4,,,,,,,,5,3,1,4,3,2,4,5,4,1,5,5,"Python, Matlab, Python","Coming from a financially challenged background, I see this as a great opportunity to grow professionally and help others in the future."
11/18/2022 09:33,28,Iloilo,No,,No,College grad,Psychology,Social Sciences,2019.0,,,,,,,Unemployed,,,0,,,,,,,,2,1,2,1,1,1,3,3,1,2,5,3,,"Coming from a financially challenged background, I see this as a great opportunity to grow professionally and help others in the future."
10/07/2018 17:10,36,Bacolod,No,,No,College grad,Education,Education,2021.0,,,,,31231.0,26231.0,Employed,Data Analyst,Engineering,5,,,,,,,,2,2,3,2,1,1,2,2,5,4,4,2,,"This training is a stepping stone for me to transition into data analysis, a field I have always been interested in."
01/08/2023 12:39,35,Davao,No,,No,College grad,Early Childhood Education,Education,2014.0,,,,,,,Unemployed,,,4,,,,,,,,4,3,4,5,3,3,3,1,4,1,4,3,"Python, Java","I believe in continuous learning, and this program will provide me with the necessary knowledge to improve my career prospects."
04/12/2023 01:57,27,Zamboanga,No,,No,College grad,Mathematics Education,Education,2011.0,,,,,32089.0,27089.0,Employed,Marketing Analyst,Engineering,2,,,,,,,,3,3,3,2,5,1,3,3,3,1,1,3,"Matlab, SAS, SAS","This training is a stepping stone for me to transition into data analysis, a field I have always been interested in."
02/15/2019 06:25,30,Quezon City,No,,No,College grad,Software Engineering,IT,2012.0,,,,,,,Unemployed,,,5,,,,,,,,5,3,4,2,2,1,2,2,3,2,1,5,,"Coming from a financially challenged background, I see this as a great opportunity to grow professionally and help others in the future."
11/05/2023 19:32,25,Bacolod,No,,No,College grad,Sociology,Social Sciences,2020.0,,,,,49982.0,44982.0,Employed,Nurse,Social Sciences,5,,,,,,,,4,3,2,5,4,5,5,4,3,2,2,3,"Microsoft Excel, Tableau, eViews","With this opportunity, I can enhance my skills and use data-driven decision-making to help organizations grow."
09/25/2020 21:50,20,Davao,No,,No,College grad,Medical Technology,Health Sciences,2011.0,,,,,,,Unemployed,,,5,,,,,,,,3,4,4,2,4,4,2,1,1,2,3,1,,"This training is a stepping stone for me to transition into data analysis, a field I have always been interested in."
01/14/2019 17:52,24,Bacolod,No,,No,Postgrad,Software Engineering,IT,2016.0,,,2027.0,Masters in Data Science,,,Unemployed,,,3,,,,,,,,1,5,4,4,5,5,3,5,3,1,5,2,,"This training is a stepping stone for me to transition into data analysis, a field I have always been interested in."
01/15/2018 00:54,39,Baguio,No,,No,College grad,Pharmacy,Health Sciences,2022.0,,,,,44819.0,39819.0,Employed,Nurse,Business,2,,,,,,,,1,4,3,5,5,2,2,2,2,3,4,2,,I am passionate about data science and eager to learn. This scholarship will allow me to advance my career and contribute to my field.
02/16/2022 10:57,21,Bacolod,No,,No,College grad,Marketing,Business,2017.0,,,,,,,Unemployed,,,1,,,,,,,,1,5,2,2,5,1,5,2,2,4,3,2,Tableau,"This training is a stepping stone for me to transition into data analysis, a field I have always been interested in."
09/30/2018 22:49,28,Baguio,No,,No,College grad,Computer Science,IT,2020.0,,,,,33873.0,28873.0,Employed,Software Developer,Engineering,0,,,,,,,,5,5,1,2,2,5,5,4,3,1,5,5,eViews,"With this opportunity, I can enhance my skills and use data-driven decision-making to help organizations grow."
08/08/2020 10:34,24,Cebu,No,,No,College grad,Nursing,Health Sciences,2014.0,,,,,,,Unemployed,,,5,,,,,,,,2,3,1,2,3,4,3,2,5,2,4,1,SPSS,"Coming from a financially challenged background, I see this as a great opportunity to grow professionally and help others in the future."
07/17/2024 21:34,35,Manila,No,,No,College grad,Computer Science,IT,2019.0,,,,,,,Unemployed,,,3,,,,,,,,3,1,2,2,2,2,5,4,1,3,1,1,,"Coming from a financially challenged background, I see this as a great opportunity to grow professionally and help others in the future."
08/02/2017 06:23,26,Makati,No,,No,College grad,Sociology,Social Sciences,2016.0,,,,,40048.0,35048.0,Employed,Data Analyst,Business,2,,,,,,,,1,5,2,4,2,2,5,3,3,2,4,4,,"This training is a stepping stone for me to transition into data analysis, a field I have always been interested in."
07/13/2020 04:43,24,Cebu,No,,No,College grad,Electrical Engineering,Engineering,2019.0,,,,,,,Unemployed,,,2,,,,,,,,1,2,2,5,2,5,1,5,4,4,2,2,,"I believe in continuous learning, and this program will provide me with the necessary knowledge to improve my career prospects."
11/11/2024 18:39,36,Davao,No,,No,College grad,Marketing,Business,2017.0,,,,,,,Unemployed,,,2,,,,,,,,5,1,3,3,3,1,3,2,3,5,5,2,,"This training is a stepping stone for me to transition into data analysis, a field I have always been interested in."
01/08/2021 12:47,26,Makati,No,,No,Postgrad,Accounting,Business,2016.0,,,2027.0,Masters in Data Science,49354.0,44354.0,Employed,Engineer,IT,2,,,,,,,,2,5,4,2,3,5,1,2,3,3,2,4,,"I believe in continuous learning, and this program will provide me with the necessary knowledge to improve my career prospects."
10/16/2024 07:57,40,Davao,No,,No,College grad,Software Engineering,IT,2021.0,,,,,,,Unemployed,,,5,,,,,,,,5,2,5,2,1,1,2,4,3,3,2,2,"Microsoft Excel, SPSS","I believe in continuous learning, and this program will provide me with the necessary knowledge to improve my career prospects."
10/13/2019 14:56,25,Bacolod,No,,No,College grad,Civil Engineering,Engineering,2021.0,,,,,31477.0,26477.0,Employed,Engineer,Business,0,,,,,,,,4,1,1,3,1,3,1,5,4,1,5,1,"SAS, Python","With this opportunity, I can enhance my skills and use data-driven decision-making to help organizations grow."
05/18/2021 18:37,39,Davao,No,,No,College grad,Early Childhood Education,Education,2021.0,,,,,30117.0,25117.0,Employed,Teacher,Business,5,,,,,,,,5,3,3,3,3,2,4,3,1,1,4,1,"eViews, Tableau, Tableau","Coming from a financially challenged background, I see this as a great opportunity to grow professionally and help others in the future."
05/13/2022 20:38,31,Zamboanga,No,,No,College grad,Education,Education,2016.0,,,,,29549.0,24549.0,Employed,Data Analyst,Education,3,,,,,,,,1,4,5,3,2,1,5,3,3,1,5,2,Stats,"With this opportunity, I can enhance my skills and use data-driven decision-making to help organizations grow."
04/17/2022 20:15,26,Quezon City,No,,No,College grad,Political Science,Social Sciences,2021.0,,,,,,,Unemployed,,,4,,,,,,,,4,5,4,5,3,1,3,5,2,4,5,2,SPSS,"Coming from a financially challenged background, I see this as a great opportunity to grow professionally and help others in the future."
03/25/2024 21:21,36,Quezon City,No,,No,Postgrad,Accounting,Business,2016.0,,,2027.0,Masters in Data Science,,,Unemployed,,,4,,,,,,,,1,1,5,3,1,4,2,5,5,4,5,2,,"With this opportunity, I can enhance my skills and use data-driven decision-making to help organizations grow."
07/06/2022 09:00,31,Quezon City,No,,No,Postgrad,Education,Education,2016.0,,,2025.0,Masters in Data Science,,,Unemployed,,,4,,,,,,,,1,5,1,1,5,4,3,4,3,1,2,1,,"I believe in continuous learning, and this program will provide me with the necessary knowledge to improve my career prospects."
09/23/2024 03:45,39,Zamboanga,No,,No,College grad,Education,Education,2020.0,,,,,,,Unemployed,,,3,,,,,,,,5,4,3,5,3,5,1,1,3,2,4,1,,"This training is a stepping stone for me to transition into data analysis, a field I have always been interested in."
09/20/2017 15:19,23,Cebu,No,,No,College grad,Early Childhood Education,Education,2013.0,,,,,44889.0,39889.0,Employed,Marketing Analyst,Social Sciences,3,,,,,,,,3,2,4,2,4,2,4,5,3,5,5,2,"Matlab, SQL, SAS","With this opportunity, I can enhance my skills and use data-driven decision-making to help organizations grow."
08/19/2024 13:04,28,Iloilo,No,,No,College grad,Psychology,Social Sciences,2016.0,,,,,35096.0,30096.0,Employed,Teacher,IT,4,,,,,,,,5,5,2,5,3,5,1,5,1,2,1,1,Stats,"I believe in continuous learning, and this program will provide me with the necessary knowledge to improve my career prospects."
06/20/2022 21:52,31,Zamboanga,No,,No,College grad,Political Science,Social Sciences,2011.0,,,,,,,Unemployed,,,3,,,,,,,,5,3,2,4,2,4,1,4,2,4,1,2,"Microsoft Excel, Python, eViews",I am passionate about data science and eager to learn. This scholarship will allow me to advance my career and contribute to my field.
11/26/2020 07:06,24,Manila,No,,No,College grad,Mathematics Education,Education,2023.0,,,,,32220.0,27220.0,Employed,Software Developer,Education,2,,,,,,,,5,4,2,5,1,3,3,1,5,5,2,4,,I am passionate about data science and eager to learn. This scholarship will allow me to advance my career and contribute to my field.
12/31/2017 03:55,24,Manila,No,,No,College grad,Political Science,Social Sciences,2016.0,,,,,,,Unemployed,,,0,,,,,,,,3,2,1,4,1,1,3,3,4,4,4,2,eViews,"This training is a stepping stone for me to transition into data analysis, a field I have always been interested in."
03/09/2017 00:53,29,Cagayan de Oro,No,,No,College grad,Early Childhood Education,Education,2011.0,,,,,34091.0,29091.0,Employed,Data Analyst,Social Sciences,4,,,,,,,,5,4,5,4,2,5,3,2,1,2,1,4,"Tableau, Java, Microsoft Power BI","With this opportunity, I can enhance my skills and use data-driven decision-making to help organizations grow."
09/24/2018 08:02,34,Cebu,No,,No,Postgrad,Software Engineering,IT,2016.0,,,2026.0,Masters in Data Science,,,Unemployed,,,3,,,,,,,,4,5,5,1,2,5,5,4,2,1,2,4,,"Coming from a financially challenged background, I see this as a great opportunity to grow professionally and help others in the future."
11/29/2019 10:00,23,Makati,No,,No,Postgrad,Accounting,Business,2016.0,,,2025.0,Masters in Data Science,,,Unemployed,,,5,,,,,,,,3,1,5,4,2,4,4,1,3,5,1,5,"Stats, SPSS","This training is a stepping stone for me to transition into data analysis, a field I have always been interested in."
01/18/2020 21:00,29,Iloilo,No,,No,College grad,Computer Science,IT,2022.0,,,,,46600.0,41600.0,Employed,Marketing Analyst,Social Sciences,0,,,,,,,,2,1,3,5,5,2,3,1,2,1,4,4,,"I believe in continuous learning, and this program will provide me with the necessary knowledge to improve my career prospects."
04/17/2019 22:34,24,Quezon City,No,,No,College grad,Psychology,Social Sciences,2014.0,,,,,,,Unemployed,,,2,,,,,,,,2,4,1,1,4,5,1,3,2,1,1,2,,"I believe in continuous learning, and this program will provide me with the necessary knowledge to improve my career prospects."
10/09/2019 18:08,33,Davao,No,,No,Postgrad,Psychology,Social Sciences,2016.0,,,2025.0,Masters in Data Science,,,Unemployed,,,3,,,,,,,,5,5,5,3,4,5,2,2,4,4,1,5,"SAS, Matlab, Python","I believe in continuous learning, and this program will provide me with the necessary knowledge to improve my career prospects."
05/28/2017 18:16,38,Cagayan de Oro,No,,No,College grad,Psychology,Social Sciences,2017.0,,,,,35329.0,30329.0,Employed,Nurse,Business,0,,,,,,,,5,2,4,2,1,1,3,1,2,4,5,2,"Stats, eViews","I believe in continuous learning, and this program will provide me with the necessary knowledge to improve my career prospects."
10/27/2022 19:52,29,Zamboanga,No,,No,College grad,Electrical Engineering,Engineering,2016.0,,,,,49030.0,44030.0,Employed,Teacher,IT,0,,,,,,,,1,4,5,5,2,1,1,1,1,3,5,1,,"Coming from a financially challenged background, I see this as a great opportunity to grow professionally and help others in the future."
07/28/2017 12:02,36,Quezon City,No,,No,College grad,Medical Technology,Health Sciences,2016.0,,,,,42685.0,37685.0,Employed,Teacher,Education,3,,,,,,,,4,3,2,1,3,3,5,5,1,5,4,5,"Microsoft Excel, SQL",I am passionate about data science and eager to learn. This scholarship will allow me to advance my career and contribute to my field.
12/17/2024 04:40,37,Quezon City,No,,No,College grad,Early Childhood Education,Education,2021.0,,,,,,,Unemployed,,,2,,,,,,,,4,3,1,1,2,1,3,2,5,3,4,2,,"This training is a stepping stone for me to transition into data analysis, a field I have always been interested in."
04/09/2017 21:52,38,Cagayan de Oro,No,,No,College grad,Early Childhood Education,Education,2017.0,,,,,49377.0,44377.0,Employed,Engineer,Health Sciences,2,,,,,,,,5,1,1,4,3,5,1,5,4,1,4,4,,"I believe in continuous learning, and this program will provide me with the necessary knowledge to improve my career prospects."
10/17/2022 17:48,31,Bacolod,No,,No,College grad,Electrical Engineering,Engineering,2012.0,,,,,,,Unemployed,,,2,,,,,,,,2,1,1,4,4,1,4,1,2,2,4,4,,"Coming from a financially challenged background, I see this as a great opportunity to grow professionally and help others in the future."
10/25/2024 05:28,22,Cagayan de Oro,No,,No,College grad,Computer Science,IT,2010.0,,,,,29147.0,24147.0,Employed,Accountant,IT,4,,,,,,,,3,3,5,4,5,4,5,1,4,1,3,4,"eViews, eViews","I believe in continuous learning, and this program will provide me with the necessary knowledge to improve my career prospects."
04/10/2017 03:46,28,Zamboanga,No,,No,College grad,Electrical Engineering,Engineering,2020.0,,,,,40019.0,35019.0,Employed,Engineer,Engineering,4,,,,,,,,3,2,2,5,1,4,1,5,2,2,2,3,"Microsoft Excel, Stats, R","I believe in continuous learning, and this program will provide me with the necessary knowledge to improve my career prospects."
09/17/2023 11:06,27,Iloilo,No,,No,Postgrad,Mathematics Education,Education,2016.0,,,2024.0,Masters in Data Science,,,Unemployed,,,2,,,,,,,,3,3,5,5,2,3,2,1,1,3,5,4,"eViews, Microsoft Power BI, SPSS","With this opportunity, I can enhance my skills and use data-driven decision-making to help organizations grow."
01/28/2023 06:28,36,Zamboanga,No,,No,College grad,Accounting,Business,2014.0,,,,,,,Unemployed,,,0,,,,,,,,2,1,2,2,3,5,1,4,5,2,3,1,,"Coming from a financially challenged background, I see this as a great opportunity to grow professionally and help others in the future."
05/28/2024 11:48,33,Manila,No,,No,College grad,Mechanical Engineering,Engineering,2021.0,,,,,,,Unemployed,,,1,,,,,,,,5,2,3,3,4,1,4,4,4,3,1,2,Microsoft Power BI,"With this opportunity, I can enhance my skills and use data-driven decision-making to help organizations grow."
03/15/2021 16:02,39,Makati,No,,No,College grad,Computer Science,IT,2021.0,,,,,,,Unemployed,,,3,,,,,,,,5,2,5,5,2,4,5,5,5,4,1,5,Java,"This training is a stepping stone for me to transition into data analysis, a field I have always been interested in."
04/09/2020 20:41,22,Iloilo,No,,No,College grad,Nursing,Health Sciences,2015.0,,,,,,,Unemployed,,,2,,,,,,,,4,4,4,4,3,5,5,4,4,3,5,3,,"Coming from a financially challenged background, I see this as a great opportunity to grow professionally and help others in the future."
11/29/2023 23:10,40,Makati,No,,No,Postgrad,Mathematics Education,Education,2016.0,,,2026.0,Masters in Data Science,35261.0,30261.0,Employed,Marketing Analyst,IT,0,,,,,,,,3,1,4,1,3,3,3,4,5,1,3,4,,I am passionate about data science and eager to learn. This scholarship will allow me to advance my career and contribute to my field.
02/14/2017 00:49,35,Cagayan de Oro,No,,No,College grad,Nursing,Health Sciences,2017.0,,,,,,,Unemployed,,,3,,,,,,,,3,2,4,1,4,5,2,1,1,1,2,3,"Python, SAS, Python","This training is a stepping stone for me to transition into data analysis, a field I have always been interested in."
05/21/2018 08:02,36,Iloilo,No,,No,College grad,Mathematics Education,Education,2016.0,,,,,,,Unemployed,,,0,,,,,,,,5,3,4,2,3,1,1,5,2,2,4,4,,"I believe in continuous learning, and this program will provide me with the necessary knowledge to improve my career prospects."
09/14/2020 10:02,21,Iloilo,No,,No,College grad,Medical Technology,Health Sciences,2014.0,,,,,,,Unemployed,,,5,,,,,,,,3,5,4,2,3,3,3,1,4,5,3,5,,"This training is a stepping stone for me to transition into data analysis, a field I have always been interested in."
02/26/2023 15:49,37,Baguio,No,,No,College grad,Information Technology,IT,2023.0,,,,,37679.0,32679.0,Employed,Marketing Analyst,Health Sciences,0,,,,,,,,4,2,3,4,1,1,3,4,1,1,1,2,,I am passionate about data science and eager to learn. This scholarship will allow me to advance my career and contribute to my field.
11/25/2017 07:37,27,Makati,No,,No,College grad,Civil Engineering,Engineering,2013.0,,,,,,,Unemployed,,,3,,,,,,,,3,5,3,3,3,4,5,5,5,2,5,1,,"I believe in continuous learning, and this program will provide me with the necessary knowledge to improve my career prospects."
06/27/2022 10:27,32,Cagayan de Oro,No,,No,College grad,Information Technology,IT,2023.0,,,,,25901.0,20901.0,Employed,Nurse,Social Sciences,0,,,,,,,,4,3,2,2,5,5,1,5,1,4,2,1,Tableau,"I believe in continuous learning, and this program will provide me with the necessary knowledge to improve my career prospects."
02/18/2022 16:52,39,Zamboanga,No,,No,Postgrad,Education,Education,2016.0,,,2026.0,Masters in Data Science,31753.0,26753.0,Employed,Nurse,Education,2,,,,,,,,4,4,2,2,4,1,4,4,1,4,5,5,"R, Java","This training is a stepping stone for me to transition into data analysis, a field I have always been interested in."
10/08/2021 21:13,33,Cagayan de Oro,No,,No,College grad,Early Childhood Education,Education,2010.0,,,,,,,Unemployed,,,4,,,,,,,,5,5,1,1,2,5,4,2,4,3,3,4,,"This training is a stepping stone for me to transition into data analysis, a field I have always been interested in."
09/19/2024 07:24,28,Zamboanga,No,,No,College grad,Early Childhood Education,Education,2010.0,,,,,35791.0,30791.0,Employed,Accountant,Engineering,2,,,,,,,,5,5,1,1,4,4,5,1,2,1,1,1,"SQL, SPSS, eViews","With this opportunity, I can enhance my skills and use data-driven decision-making to help organizations grow."
03/26/2022 06:01,37,Cagayan de Oro,No,,No,College grad,Marketing,Business,2019.0,,,,,46646.0,41646.0,Employed,Engineer,Education,0,,,,,,,,1,1,3,4,2,2,2,3,4,5,3,5,"Matlab, Microsoft Excel","I believe in continuous learning, and this program will provide me with the necessary knowledge to improve my career prospects."
06/12/2017 12:50,29,Bacolod,No,,No,College grad,Sociology,Social Sciences,2022.0,,,,,,,Unemployed,,,4,,,,,,,,4,4,1,4,4,2,1,4,5,1,2,2,"Microsoft Excel, Microsoft Excel, R","I believe in continuous learning, and this program will provide me with the necessary knowledge to improve my career prospects."
08/23/2017 02:28,29,Cagayan de Oro,No,,No,College grad,Mathematics Education,Education,2020.0,,,,,30537.0,25537.0,Employed,Data Analyst,Education,5,,,,,,,,1,1,2,1,2,2,1,2,3,2,1,5,,"I believe in continuous learning, and this program will provide me with the necessary knowledge to improve my career prospects."
11/23/2020 16:28,39,Quezon City,No,,No,College grad,Mathematics Education,Education,2021.0,,,,,,,Unemployed,,,3,,,,,,,,4,5,1,1,1,5,5,4,4,3,4,5,,"With this opportunity, I can enhance my skills and use data-driven decision-making to help organizations grow."
11/12/2017 23:08,33,Manila,No,,No,Postgrad,Medical Technology,Health Sciences,2016.0,,,2026.0,Masters in Data Science,,,Unemployed,,,4,,,,,,,,2,1,1,4,4,3,3,2,1,5,2,4,"Matlab, Microsoft Power BI, Tableau","With this opportunity, I can enhance my skills and use data-driven decision-making to help organizations grow."
10/27/2021 09:00,22,Davao,No,,No,College grad,Mathematics Education,Education,2011.0,,,,,,,Unemployed,,,2,,,,,,,,1,4,4,4,3,3,1,1,3,1,2,1,"eViews, Python, SAS","This training is a stepping stone for me to transition into data analysis, a field I have always been interested in."
03/19/2018 13:43,21,Makati,No,,No,College grad,Sociology,Social Sciences,2022.0,,,,,46052.0,41052.0,Employed,Marketing Analyst,IT,3,,,,,,,,5,4,2,4,3,5,2,2,1,5,4,2,"eViews, Matlab","I believe in continuous learning, and this program will provide me with the necessary knowledge to improve my career prospects."
01/18/2020 01:57,21,Cebu,No,,No,Postgrad,Political Science,Social Sciences,2016.0,,,2024.0,Masters in Data Science,49484.0,44484.0,Employed,Engineer,Business,0,,,,,,,,1,4,5,5,5,3,2,1,5,1,3,4,,I am passionate about data science and eager to learn. This scholarship will allow me to advance my career and contribute to my field.
01/28/2023 21:40,22,Cagayan de Oro,No,,No,College grad,Sociology,Social Sciences,2014.0,,,,,34187.0,29187.0,Employed,Nurse,Social Sciences,0,,,,,,,,1,2,1,3,5,5,5,4,1,1,4,2,"Microsoft Power BI, Microsoft Power BI","Coming from a financially challenged background, I see this as a great opportunity to grow professionally and help others in the future."
06/03/2018 21:58,32,Bacolod,No,,No,College grad,Mechanical Engineering,Engineering,2010.0,,,,,,,Unemployed,,,1,,,,,,,,4,3,2,5,3,4,2,5,5,1,1,4,SPSS,"With this opportunity, I can enhance my skills and use data-driven decision-making to help organizations grow."
05/09/2022 18:33,27,Iloilo,No,,No,College grad,Electrical Engineering,Engineering,2015.0,,,,,,,Unemployed,,,5,,,,,,,,2,1,1,3,3,4,4,2,3,1,3,2,,"This training is a stepping stone for me to transition into data analysis, a field I have always been interested in."
07/15/2017 00:05,20,Iloilo,No,,No,Postgrad,Mathematics Education,Education,2016.0,,,2026.0,Masters in Data Science,,,Unemployed,,,4,,,,,,,,1,2,3,2,4,2,5,4,4,1,3,2,"Python, Microsoft Power BI","Coming from a financially challenged background, I see this as a great opportunity to grow professionally and help others in the future."
09/04/2019 00:19,37,Zamboanga,No,,No,College grad,Accounting,Business,2019.0,,,,,41789.0,36789.0,Employed,Accountant,Business,3,,,,,,,,5,2,4,3,3,5,1,5,1,1,4,5,,"This training is a stepping stone for me to transition into data analysis, a field I have always been interested in."
10/20/2018 19:11,26,Makati,No,,No,College grad,Marketing,Business,2023.0,,,,,,,Unemployed,,,1,,,,,,,,5,1,4,1,1,1,4,3,3,5,2,5,"Python, Stats","This training is a stepping stone for me to transition into data analysis, a field I have always been interested in."
05/04/2020 10:12,28,Cagayan de Oro,No,,No,College grad,Electrical Engineering,Engineering,2017.0,,,,,32507.0,27507.0,Employed,Engineer,IT,0,,,,,,,,4,1,2,5,3,5,2,2,2,3,3,2,,"Coming from a financially challenged background, I see this as a great opportunity to grow professionally and help others in the future."
07/16/2019 23:02,35,Manila,No,,No,College grad,Civil Engineering,Engineering,2018.0,,,,,43629.0,38629.0,Employed,Teacher,Health Sciences,0,,,,,,,,2,2,5,4,2,2,4,3,2,5,2,2,,"I believe in continuous learning, and this program will provide me with the necessary knowledge to improve my career prospects."
06/17/2022 15:33,30,Iloilo,No,,No,Postgrad,Marketing,Business,2016.0,,,2026.0,Masters in Data Science,33820.0,28820.0,Employed,Marketing Analyst,Health Sciences,3,,,,,,,,3,1,3,5,2,1,2,1,4,2,4,3,Microsoft Excel,"With this opportunity, I can enhance my skills and use data-driven decision-making to help organizations grow."
11/27/2022 10:35,21,Manila,No,,No,College grad,Psychology,Social Sciences,2023.0,,,,,,,Unemployed,,,5,,,,,,,,1,2,5,3,1,5,4,4,2,5,5,1,"Python, Java, SAS","This training is a stepping stone for me to transition into data analysis, a field I have always been interested in."
07/03/2018 03:15,33,Iloilo,No,,No,College grad,Accounting,Business,2021.0,,,,,34297.0,29297.0,Employed,Data Analyst,Engineering,2,,,,,,,,1,5,3,2,4,3,3,5,1,2,3,4,Matlab,I am passionate about data science and eager to learn. This scholarship will allow me to advance my career and contribute to my field.
03/11/2023 08:55,35,Zamboanga,No,,No,College grad,Information Technology,IT,2015.0,,,,,,,Unemployed,,,5,,,,,,,,5,2,1,4,3,1,4,2,4,3,2,1,SPSS,"Coming from a financially challenged background, I see this as a great opportunity to grow professionally and help others in the future."
01/20/2023 11:20,21,Quezon City,No,,No,College grad,Business Administration,Business,2011.0,,,,,,,Unemployed,,,3,,,,,,,,5,1,5,1,3,3,5,3,4,2,5,4,,"Coming from a financially challenged background, I see this as a great opportunity to grow professionally and help others in the future."
06/22/2022 08:45,28,Baguio,No,,No,College grad,Information Technology,IT,2016.0,,,,,,,Unemployed,,,4,,,,,,,,1,1,5,1,2,5,3,1,3,4,5,5,"Java, Tableau",I am passionate about data science and eager to learn. This scholarship will allow me to advance my career and contribute to my field.
11/12/2024 09:37,23,Quezon City,No,,No,Postgrad,Nursing,Health Sciences,2016.0,,,2024.0,Masters in Data Science,,,Unemployed,,,4,,,,,,,,1,1,2,2,3,5,2,5,3,2,4,3,,"Coming from a financially challenged background, I see this as a great opportunity to grow professionally and help others in the future."
07/03/2024 15:50,24,Baguio,No,,No,College grad,Pharmacy,Health Sciences,2013.0,,,,,,,Unemployed,,,5,,,,,,,,4,5,3,2,2,3,1,3,2,5,1,2,,"Coming from a financially challenged background, I see this as a great opportunity to grow professionally and help others in the future."
12/20/2024 12:05,35,Manila,No,,No,College grad,Information Technology,IT,2020.0,,,,,43578.0,38578.0,Employed,Nurse,IT,5,,,,,,,,2,1,5,4,5,2,2,4,3,1,3,2,"SQL, R",I am passionate about data science and eager to learn. This scholarship will allow me to advance my career and contribute to my field.
04/17/2023 13:29,39,Cebu,No,,No,Postgrad,Business Administration,Business,2016.0,,,2025.0,Masters in Data Science,,,Unemployed,,,3,,,,,,,,1,4,3,4,4,1,1,3,1,1,2,2,"SAS, R",I am passionate about data science and eager to learn. This scholarship will allow me to advance my career and contribute to my field.
01/13/2025 02:49,31,Davao,No,,No,Postgrad,Marketing,Business,2016.0,,,2027.0,Masters in Data Science,,,Unemployed,,,2,,,,,,,,2,4,1,4,5,2,5,4,1,5,3,1,,"I believe in continuous learning, and this program will provide me with the necessary knowledge to improve my career prospects."
05/17/2020 21:45,31,Zamboanga,No,,No,College grad,Mechanical Engineering,Engineering,2023.0,,,,,,,Unemployed,,,2,,,,,,,,2,3,1,3,4,5,1,5,2,5,1,1,SQL,"This training is a stepping stone for me to transition into data analysis, a field I have always been interested in."
02/20/2019 15:07,32,Cebu,No,,No,College grad,Sociology,Social Sciences,2012.0,,,,,29996.0,24996.0,Employed,Teacher,Engineering,2,,,,,,,,5,3,2,1,1,4,1,2,4,3,3,4,"Microsoft Power BI, Python",I am passionate about data science and eager to learn. This scholarship will allow me to advance my career and contribute to my field.
11/30/2022 20:23,36,Cagayan de Oro,No,,No,College grad,Information Technology,IT,2011.0,,,,,39864.0,34864.0,Employed,Engineer,Health Sciences,0,,,,,,,,1,5,3,1,1,5,4,2,3,4,3,4,,"I believe in continuous learning, and this program will provide me with the necessary knowledge to improve my career prospects."
10/30/2024 06:58,30,Iloilo,No,,No,Postgrad,Pharmacy,Health Sciences,2016.0,,,2026.0,Masters in Data Science,,,Unemployed,,,1,,,,,,,,1,2,2,3,1,4,2,1,3,2,4,1,"Matlab, Matlab, SPSS","I believe in continuous learning, and this program will provide me with the necessary knowledge to improve my career prospects."
06/04/2020 14:12,39,Baguio,No,,No,Postgrad,Education,Education,2016.0,,,2025.0,Masters in Data Science,44537.0,39537.0,Employed,Software Developer,Health Sciences,2,,,,,,,,4,5,4,3,2,5,1,5,2,4,2,3,"Java, Microsoft Excel, R","I believe in continuous learning, and this program will provide me with the necessary knowledge to improve my career prospects."
04/16/2019 10:39,34,Davao,No,,No,College grad,Sociology,Social Sciences,2017.0,,,,,25721.0,20721.0,Employed,Data Analyst,Health Sciences,5,,,,,,,,2,1,4,3,2,2,5,2,5,1,5,5,,"This training is a stepping stone for me to transition into data analysis, a field I have always been interested in."
06/14/2022 05:30,32,Iloilo,No,,No,Postgrad,Pharmacy,Health Sciences,2016.0,,,2024.0,Masters in Data Science,26821.0,21821.0,Employed,Accountant,IT,4,,,,,,,,1,4,4,4,1,2,2,3,4,5,3,3,,"Coming from a financially challenged background, I see this as a great opportunity to grow professionally and help others in the future."
08/14/2021 05:17,24,Bacolod,No,,No,College grad,Education,Education,2015.0,,,,,,,Unemployed,,,5,,,,,,,,4,5,1,3,3,2,1,2,2,4,3,1,"Java, SQL, SQL",I am passionate about data science and eager to learn. This scholarship will allow me to advance my career and contribute to my field.
03/15/2018 20:31,20,Bacolod,No,,No,College grad,Marketing,Business,2014.0,,,,,25036.0,20036.0,Employed,Accountant,Health Sciences,3,,,,,,,,1,3,5,2,1,5,2,1,2,5,3,3,R,"With this opportunity, I can enhance my skills and use data-driven decision-making to help organizations grow."
08/04/2018 10:25,30,Quezon City,No,,No,College grad,Mathematics Education,Education,2020.0,,,,,,,Unemployed,,,5,,,,,,,,5,1,5,2,1,1,3,3,2,3,3,5,Python,"I believe in continuous learning, and this program will provide me with the necessary knowledge to improve my career prospects."
03/10/2020 17:54,22,Manila,No,,No,College grad,Nursing,Health Sciences,2011.0,,,,,48798.0,43798.0,Employed,Nurse,Engineering,1,,,,,,,,3,1,2,2,1,2,4,4,3,2,2,1,,"Coming from a financially challenged background, I see this as a great opportunity to grow professionally and help others in the future."
11/07/2021 07:57,39,Manila,No,,No,Postgrad,Business Administration,Business,2016.0,,,2027.0,Masters in Data Science,,,Unemployed,,,2,,,,,,,,1,4,4,5,3,4,1,5,4,5,2,5,,"With this opportunity, I can enhance my skills and use data-driven decision-making to help organizations grow."
05/13/2024 20:51,37,Davao,No,,No,College grad,Early Childhood Education,Education,2021.0,,,,,,,Unemployed,,,0,,,,,,,,4,4,5,2,5,1,2,4,3,5,5,1,"SAS, eViews","Coming from a financially challenged background, I see this as a great opportunity to grow professionally and help others in the future."
06/30/2018 06:25,25,Iloilo,No,,No,College grad,Civil Engineering,Engineering,2011.0,,,,,49568.0,44568.0,Employed,Engineer,IT,1,,,,,,,,2,1,3,1,3,2,3,4,1,3,4,5,,"I believe in continuous learning, and this program will provide me with the necessary knowledge to improve my career prospects."
08/11/2022 08:01,25,Davao,No,,No,Postgrad,Pharmacy,Health Sciences,2016.0,,,2025.0,Masters in Data Science,,,Unemployed,,,2,,,,,,,,5,5,1,5,5,3,2,2,5,4,3,4,,"I believe in continuous learning, and this program will provide me with the necessary knowledge to improve my career prospects."
08/19/2017 07:44,29,Makati,No,,No,Postgrad,Mechanical Engineering,Engineering,2016.0,,,2026.0,Masters in Data Science,42095.0,37095.0,Employed,Nurse,Health Sciences,0,,,,,,,,3,3,1,4,2,3,1,5,4,2,5,1,,"I believe in continuous learning, and this program will provide me with the necessary knowledge to improve my career prospects."
09/29/2018 12:43,30,Makati,No,,No,College grad,Early Childhood Education,Education,2021.0,,,,,,,Unemployed,,,4,,,,,,,,5,2,1,1,3,1,1,3,1,2,5,4,"Java, eViews, Microsoft Excel",I am passionate about data science and eager to learn. This scholarship will allow me to advance my career and contribute to my field.
11/22/2023 23:37,26,Makati,No,,No,College grad,Software Engineering,IT,2014.0,,,,,36329.0,31329.0,Employed,Nurse,Business,1,,,,,,,,3,2,4,3,3,5,3,4,3,5,1,1,,"With this opportunity, I can enhance my skills and use data-driven decision-making to help organizations grow."
01/24/2020 06:31,37,Quezon City,No,,No,College grad,Nursing,Health Sciences,2010.0,,,,,38984.0,33984.0,Employed,Accountant,Health Sciences,3,,,,,,,,3,1,1,3,1,5,5,5,3,4,5,4,,"Coming from a financially challenged background, I see this as a great opportunity to grow professionally and help others in the future."
03/06/2018 19:04,32,Iloilo,No,,No,Postgrad,Computer Science,IT,2016.0,,,2025.0,Masters in Data Science,,,Unemployed,,,5,,,,,,,,3,3,4,1,5,5,1,1,1,4,1,4,,I am passionate about data science and eager to learn. This scholarship will allow me to advance my career and contribute to my field.
06/22/2020 06:10,21,Davao,No,,No,College grad,Mathematics Education,Education,2014.0,,,,,,,Unemployed,,,2,,,,,,,,2,1,4,4,3,5,2,3,2,1,5,1,"eViews, SPSS, Microsoft Excel","Coming from a financially challenged background, I see this as a great opportunity to grow professionally and help others in the future."
07/11/2021 12:45,37,Bacolod,No,,No,College grad,Nursing,Health Sciences,2017.0,,,,,,,Unemployed,,,1,,,,,,,,4,4,3,4,1,1,5,4,1,2,5,2,"Microsoft Power BI, SQL","I believe in continuous learning, and this program will provide me with the necessary knowledge to improve my career prospects."
05/26/2018 17:21,20,Quezon City,No,,No,College grad,Computer Science,IT,2022.0,,,,,46979.0,41979.0,Employed,Software Developer,Social Sciences,2,,,,,,,,5,1,2,3,2,3,5,4,2,3,1,2,,"This training is a stepping stone for me to transition into data analysis, a field I have always been interested in."
05/21/2021 03:28,40,Iloilo,No,,No,College grad,Civil Engineering,Engineering,2019.0,,,,,30648.0,25648.0,Employed,Teacher,Social Sciences,1,,,,,,,,2,5,4,4,1,1,2,1,5,1,1,2,,"I believe in continuous learning, and this program will provide me with the necessary knowledge to improve my career prospects."
03/24/2018 19:53,23,Davao,No,,No,College grad,Mathematics Education,Education,2015.0,,,,,42586.0,37586.0,Employed,Marketing Analyst,Health Sciences,1,,,,,,,,3,1,4,1,2,4,5,5,4,4,4,4,,"I believe in continuous learning, and this program will provide me with the necessary knowledge to improve my career prospects."
11/08/2019 08:08,32,Zamboanga,No,,No,College grad,Electrical Engineering,Engineering,2022.0,,,,,38897.0,33897.0,Employed,Engineer,IT,4,,,,,,,,1,1,4,5,3,2,3,3,3,2,5,5,SPSS,"With this opportunity, I can enhance my skills and use data-driven decision-making to help organizations grow."
02/16/2017 20:02,21,Manila,No,,No,College grad,Computer Science,IT,2023.0,,,,,,,Unemployed,,,5,,,,,,,,5,3,1,4,4,3,3,1,1,2,1,2,,"With this opportunity, I can enhance my skills and use data-driven decision-making to help organizations grow."
12/29/2021 23:56,27,Cagayan de Oro,No,,No,Postgrad,Marketing,Business,2016.0,,,2024.0,Masters in Data Science,,,Unemployed,,,0,,,,,,,,2,1,2,2,3,5,1,4,4,4,2,3,,"I believe in continuous learning, and this program will provide me with the necessary knowledge to improve my career prospects."
06/11/2017 23:29,24,Cagayan de Oro,No,,No,College grad,Information Technology,IT,2014.0,,,,,28554.0,23554.0,Employed,Marketing Analyst,Social Sciences,1,,,,,,,,2,2,3,5,5,5,2,2,3,1,5,1,Python,"With this opportunity, I can enhance my skills and use data-driven decision-making to help organizations grow."
07/24/2022 10:21,35,Makati,No,,No,College grad,Early Childhood Education,Education,2015.0,,,,,33508.0,28508.0,Employed,Marketing Analyst,Business,4,,,,,,,,2,1,2,2,5,1,5,2,1,2,5,4,,"With this opportunity, I can enhance my skills and use data-driven decision-making to help organizations grow."
04/16/2022 02:02,24,Manila,No,,No,College grad,Early Childhood Education,Education,2017.0,,,,,48910.0,43910.0,Employed,Nurse,Engineering,1,,,,,,,,4,5,3,4,5,1,5,4,4,5,2,2,,I am passionate about data science and eager to learn. This scholarship will allow me to advance my career and contribute to my field.
11/24/2018 12:46,37,Cagayan de Oro,No,,No,College grad,Civil Engineering,Engineering,2016.0,,,,,,,Unemployed,,,1,,,,,,,,5,3,5,4,2,4,2,3,1,3,2,5,Microsoft Power BI,"This training is a stepping stone for me to transition into data analysis, a field I have always been interested in."
01/04/2019 18:15,33,Makati,No,,No,Postgrad,Pharmacy,Health Sciences,2016.0,,,2024.0,Masters in Data Science,,,Unemployed,,,3,,,,,,,,4,2,5,3,3,3,4,4,5,2,2,4,,"With this opportunity, I can enhance my skills and use data-driven decision-making to help organizations grow."
01/17/2018 04:00,30,Zamboanga,No,,No,College grad,Medical Technology,Health Sciences,2011.0,,,,,,,Unemployed,,,5,,,,,,,,5,5,1,3,5,2,5,3,4,3,1,3,"Microsoft Power BI, Microsoft Power BI, Python","I believe in continuous learning, and this program will provide me with the necessary knowledge to improve my career prospects."
01/14/2022 16:12,24,Bacolod,No,,No,College grad,Pharmacy,Health Sciences,2016.0,,,,,,,Unemployed,,,1,,,,,,,,5,4,4,1,2,1,1,3,4,4,5,1,"SPSS, SAS","I believe in continuous learning, and this program will provide me with the necessary knowledge to improve my career prospects."
03/22/2018 04:02,34,Cagayan de Oro,No,,No,Postgrad,Civil Engineering,Engineering,2016.0,,,2026.0,Masters in Data Science,,,Unemployed,,,4,,,,,,,,4,2,2,4,5,5,3,2,2,2,2,2,"Tableau, eViews, Matlab","With this opportunity, I can enhance my skills and use data-driven decision-making to help organizations grow."
06/04/2023 10:56,29,Cagayan de Oro,No,,No,College grad,Information Technology,IT,2022.0,,,,,34106.0,29106.0,Employed,Engineer,Social Sciences,1,,,,,,,,5,4,3,3,2,1,1,5,3,2,3,1,,"This training is a stepping stone for me to transition into data analysis, a field I have always been interested in."
06/11/2022 05:19,28,Davao,No,,No,Postgrad,Mechanical Engineering,Engineering,2016.0,,,2024.0,Masters in Data Science,,,Unemployed,,,0,,,,,,,,4,5,4,4,5,5,5,4,2,4,1,4,,"With this opportunity, I can enhance my skills and use data-driven decision-making to help organizations grow."
03/18/2020 08:13,34,Davao,No,,No,College grad,Electrical Engineering,Engineering,2019.0,,,,,,,Unemployed,,,2,,,,,,,,4,4,4,2,4,4,3,5,4,2,3,5,,"Coming from a financially challenged background, I see this as a great opportunity to grow professionally and help others in the future."
11/14/2019 12:52,39,Baguio,No,,No,Postgrad,Civil Engineering,Engineering,2016.0,,,2026.0,Masters in Data Science,,,Unemployed,,,0,,,,,,,,3,1,4,5,4,3,2,4,2,3,5,5,,"I believe in continuous learning, and this program will provide me with the necessary knowledge to improve my career prospects."
02/23/2020 15:42,34,Cagayan de Oro,No,,No,College grad,Marketing,Business,2013.0,,,,,,,Unemployed,,,5,,,,,,,,4,3,5,2,5,4,3,4,4,4,2,5,,"With this opportunity, I can enhance my skills and use data-driven decision-making to help organizations grow."
06/17/2019 04:55,21,Zamboanga,No,,No,Postgrad,Marketing,Business,2016.0,,,2024.0,Masters in Data Science,38378.0,33378.0,Employed,Nurse,IT,4,,,,,,,,4,1,4,5,5,2,2,1,3,2,4,3,,"With this opportunity, I can enhance my skills and use data-driven decision-making to help organizations grow."
05/22/2023 01:19,40,Zamboanga,No,,No,College grad,Electrical Engineering,Engineering,2021.0,,,,,,,Unemployed,,,0,,,,,,,,5,3,3,1,2,1,4,2,4,4,5,5,,"With this opportunity, I can enhance my skills and use data-driven decision-making to help organizations grow."
08/15/2020 20:06,25,Baguio,No,,No,Postgrad,Accounting,Business,2016.0,,,2025.0,Masters in Data Science,,,Unemployed,,,2,,,,,,,,3,2,4,3,4,1,1,5,4,1,1,2,"Microsoft Excel, Tableau, Python","I believe in continuous learning, and this program will provide me with the necessary knowledge to improve my career prospects."
11/19/2017 08:56,31,Cebu,No,,No,College grad,Sociology,Social Sciences,2017.0,,,,,,,Unemployed,,,4,,,,,,,,5,2,2,3,3,3,4,1,5,4,5,5,"SPSS, Stats, Microsoft Power BI","This training is a stepping stone for me to transition into data analysis, a field I have always been interested in."
12/29/2024 14:26,30,Manila,No,,No,College grad,Computer Science,IT,2011.0,,,,,28910.0,23910.0,Employed,Teacher,Education,4,,,,,,,,2,3,1,1,5,4,5,1,4,4,3,1,"Java, SPSS",I am passionate about data science and eager to learn. This scholarship will allow me to advance my career and contribute to my field.
07/25/2023 03:04,25,Bacolod,No,,No,Postgrad,Software Engineering,IT,2016.0,,,2027.0,Masters in Data Science,,,Unemployed,,,3,,,,,,,,4,5,1,3,1,5,2,5,1,5,4,4,,"I believe in continuous learning, and this program will provide me with the necessary knowledge to improve my career prospects."
07/02/2017 12:54,39,Manila,No,,No,College grad,Electrical Engineering,Engineering,2021.0,,,,,25363.0,20363.0,Employed,Nurse,Business,3,,,,,,,,3,2,4,1,1,3,3,4,1,5,1,2,"eViews, Matlab","This training is a stepping stone for me to transition into data analysis, a field I have always been interested in."
10/16/2020 10:13,24,Quezon City,No,,No,College grad,Psychology,Social Sciences,2022.0,,,,,34855.0,29855.0,Employed,Nurse,Health Sciences,4,,,,,,,,1,1,2,3,3,5,2,3,2,2,5,5,"SPSS, Tableau, eViews","I believe in continuous learning, and this program will provide me with the necessary knowledge to improve my career prospects."
01/11/2020 04:24,27,Makati,No,,No,College grad,Information Technology,IT,2019.0,,,,,43707.0,38707.0,Employed,Nurse,Business,5,,,,,,,,4,4,1,3,2,1,1,1,2,2,3,1,"Java, Tableau, R","This training is a stepping stone for me to transition into data analysis, a field I have always been interested in."
01/28/2023 12:46,30,Iloilo,No,,No,College grad,Early Childhood Education,Education,2013.0,,,,,,,Unemployed,,,0,,,,,,,,5,1,4,5,1,1,2,1,2,1,4,5,"R, Stats","This training is a stepping stone for me to transition into data analysis, a field I have always been interested in."
11/09/2017 12:12,30,Zamboanga,No,,No,Postgrad,Medical Technology,Health Sciences,2016.0,,,2027.0,Masters in Data Science,,,Unemployed,,,2,,,,,,,,5,1,1,4,2,1,1,1,3,3,5,1,,"With this opportunity, I can enhance my skills and use data-driven decision-making to help organizations grow."
01/01/2023 20:59,37,Iloilo,No,,No,College grad,Marketing,Business,2017.0,,,,,37791.0,32791.0,Employed,Software Developer,Social Sciences,5,,,,,,,,5,5,5,4,3,3,2,2,3,4,5,5,,"With this opportunity, I can enhance my skills and use data-driven decision-making to help organizations grow."
02/04/2018 07:57,22,Cagayan de Oro,No,,No,Postgrad,Nursing,Health Sciences,2016.0,,,2027.0,Masters in Data Science,47098.0,42098.0,Employed,Marketing Analyst,Business,3,,,,,,,,4,4,3,3,5,4,5,5,5,2,1,1,Tableau,"With this opportunity, I can enhance my skills and use data-driven decision-making to help organizations grow."
05/28/2021 09:26,27,Manila,No,,No,College grad,Sociology,Social Sciences,2015.0,,,,,44300.0,39300.0,Employed,Software Developer,Business,1,,,,,,,,3,3,2,4,2,4,4,4,1,1,5,2,,"With this opportunity, I can enhance my skills and use data-driven decision-making to help organizations grow."
05/12/2018 14:40,20,Cagayan de Oro,No,,No,College grad,Software Engineering,IT,2016.0,,,,,,,Unemployed,,,3,,,,,,,,5,3,2,3,4,2,5,3,4,3,2,2,"Python, eViews, Matlab","With this opportunity, I can enhance my skills and use data-driven decision-making to help organizations grow."
05/06/2024 23:30,32,Bacolod,No,,No,Postgrad,Education,Education,2016.0,,,2026.0,Masters in Data Science,,,Unemployed,,,4,,,,,,,,3,1,1,4,2,4,2,3,2,2,4,2,"SAS, Python","With this opportunity, I can enhance my skills and use data-driven decision-making to help organizations grow."
09/16/2022 07:36,26,Cebu,No,,No,College grad,Software Engineering,IT,2015.0,,,,,,,Unemployed,,,0,,,,,,,,2,5,5,1,2,4,1,4,5,3,1,4,,"Coming from a financially challenged background, I see this as a great opportunity to grow professionally and help others in the future."
01/07/2020 20:16,37,Zamboanga,No,,No,College grad,Political Science,Social Sciences,2020.0,,,,,25140.0,20140.0,Employed,Nurse,Engineering,0,,,,,,,,4,5,5,5,5,2,3,2,1,4,2,2,Python,"I believe in continuous learning, and this program will provide me with the necessary knowledge to improve my career prospects."
02/19/2019 10:57,35,Quezon City,No,,No,College grad,Sociology,Social Sciences,2020.0,,,,,,,Unemployed,,,5,,,,,,,,1,5,4,3,4,3,3,1,1,5,1,3,,"With this opportunity, I can enhance my skills and use data-driven decision-making to help organizations grow."
09/17/2023 09:03,27,Baguio,No,,No,College grad,Accounting,Business,2012.0,,,,,35847.0,30847.0,Employed,Software Developer,Education,5,,,,,,,,1,1,2,3,1,2,1,3,5,4,5,4,,"Coming from a financially challenged background, I see this as a great opportunity to grow professionally and help others in the future."
03/27/2021 06:09,21,Quezon City,No,,No,College grad,Mathematics Education,Education,2012.0,,,,,,,Unemployed,,,1,,,,,,,,2,2,5,3,5,5,4,2,3,1,1,4,,"I believe in continuous learning, and this program will provide me with the necessary knowledge to improve my career prospects."
06/06/2021 13:56,27,Zamboanga,No,,No,College grad,Civil Engineering,Engineering,2021.0,,,,,44340.0,39340.0,Employed,Teacher,Health Sciences,0,,,,,,,,1,5,3,1,2,2,3,5,1,3,3,2,,"With this opportunity, I can enhance my skills and use data-driven decision-making to help organizations grow."
01/25/2021 12:52,28,Baguio,No,,No,College grad,Education,Education,2018.0,,,,,,,Unemployed,,,2,,,,,,,,4,3,2,4,1,3,4,5,4,5,5,2,,"Coming from a financially challenged background, I see this as a great opportunity to grow professionally and help others in the future."
08/07/2021 00:49,21,Quezon City,No,,No,College grad,Pharmacy,Health Sciences,2020.0,,,,,,,Unemployed,,,3,,,,,,,,2,4,3,4,4,5,5,2,4,3,3,5,,"With this opportunity, I can enhance my skills and use data-driven decision-making to help organizations grow."
11/07/2020 00:10,25,Manila,No,,No,College grad,Psychology,Social Sciences,2015.0,,,,,26015.0,21015.0,Employed,Teacher,Business,4,,,,,,,,2,2,5,3,4,5,3,2,1,1,5,5,"SQL, SAS","Coming from a financially challenged background, I see this as a great opportunity to grow professionally and help others in the future."
12/15/2020 22:18,34,Baguio,No,,No,Postgrad,Medical Technology,Health Sciences,2016.0,,,2026.0,Masters in Data Science,,,Unemployed,,,3,,,,,,,,4,1,1,5,2,5,3,5,5,4,1,5,,"With this opportunity, I can enhance my skills and use data-driven decision-making to help organizations grow."
05/23/2019 01:37,34,Cagayan de Oro,No,,No,Postgrad,Marketing,Business,2016.0,,,2024.0,Masters in Data Science,26117.0,21117.0,Employed,Software Developer,Social Sciences,1,,,,,,,,3,1,2,3,1,4,3,2,2,4,3,5,,"I believe in continuous learning, and this program will provide me with the necessary knowledge to improve my career prospects."
09/19/2020 20:55,34,Iloilo,No,,No,College grad,Nursing,Health Sciences,2022.0,,,,,49950.0,44950.0,Employed,Data Analyst,Engineering,5,,,,,,,,2,4,3,4,1,1,3,2,2,5,2,3,,"This training is a stepping stone for me to transition into data analysis, a field I have always been interested in."
07/13/2021 20:22,32,Davao,No,,No,College grad,Accounting,Business,2023.0,,,,,26023.0,21023.0,Employed,Nurse,Education,1,,,,,,,,4,4,3,1,1,4,5,1,3,2,4,3,Microsoft Power BI,I am passionate about data science and eager to learn. This scholarship will allow me to advance my career and contribute to my field.
08/09/2019 08:49,33,Quezon City,No,,No,College grad,Medical Technology,Health Sciences,2020.0,,,,,,,Unemployed,,,3,,,,,,,,4,2,3,4,3,5,3,4,2,5,2,4,,I am passionate about data science and eager to learn. This scholarship will allow me to advance my career and contribute to my field.
03/10/2024 00:31,31,Davao,No,,No,College grad,Education,Education,2020.0,,,,,43678.0,38678.0,Employed,Nurse,IT,2,,,,,,,,5,1,4,5,5,4,3,3,4,5,5,3,,"I believe in continuous learning, and this program will provide me with the necessary knowledge to improve my career prospects."
05/11/2023 14:01,36,Baguio,No,,No,College grad,Nursing,Health Sciences,2018.0,,,,,,,Unemployed,,,5,,,,,,,,5,1,2,5,2,2,1,3,4,4,3,5,,"This training is a stepping stone for me to transition into data analysis, a field I have always been interested in."
07/16/2021 15:41,34,Baguio,No,,No,College grad,Medical Technology,Health Sciences,2023.0,,,,,29069.0,24069.0,Employed,Engineer,Education,5,,,,,,,,5,5,5,4,1,1,3,5,1,2,2,5,"Matlab, Microsoft Excel",I am passionate about data science and eager to learn. This scholarship will allow me to advance my career and contribute to my field.
01/28/2022 08:04,38,Manila,No,,No,College grad,Medical Technology,Health Sciences,2016.0,,,,,,,Unemployed,,,4,,,,,,,,2,1,1,3,5,3,3,1,4,3,3,2,,"This training is a stepping stone for me to transition into data analysis, a field I have always been interested in."
03/04/2019 06:12,38,Quezon City,No,,No,College grad,Medical Technology,Health Sciences,2011.0,,,,,,,Unemployed,,,2,,,,,,,,1,1,4,4,1,3,3,5,4,3,2,1,,"Coming from a financially challenged background, I see this as a great opportunity to grow professionally and help others in the future."
04/28/2022 02:32,31,Baguio,No,,No,College grad,Medical Technology,Health Sciences,2015.0,,,,,47637.0,42637.0,Employed,Data Analyst,Social Sciences,3,,,,,,,,1,3,2,4,3,5,5,2,4,3,1,5,"Java, Tableau","Coming from a financially challenged background, I see this as a great opportunity to grow professionally and help others in the future."
07/30/2024 01:38,35,Baguio,No,,No,Postgrad,Electrical Engineering,Engineering,2016.0,,,2025.0,Masters in Data Science,34746.0,29746.0,Employed,Nurse,IT,3,,,,,,,,4,5,2,1,1,5,1,4,3,5,3,1,"Matlab, SAS, Java","This training is a stepping stone for me to transition into data analysis, a field I have always been interested in."
01/01/2023 23:50,24,Baguio,No,,No,College grad,Information Technology,IT,2022.0,,,,,37452.0,32452.0,Employed,Data Analyst,Health Sciences,2,,,,,,,,2,1,2,1,4,5,5,4,1,4,4,5,,"With this opportunity, I can enhance my skills and use data-driven decision-making to help organizations grow."
12/21/2024 10:35,26,Manila,No,,No,College grad,Political Science,Social Sciences,2013.0,,,,,,,Unemployed,,,3,,,,,,,,3,5,4,3,3,4,1,5,2,5,3,1,,"I believe in continuous learning, and this program will provide me with the necessary knowledge to improve my career prospects."
11/25/2019 16:43,32,Iloilo,No,,No,College grad,Marketing,Business,2023.0,,,,,25711.0,20711.0,Employed,Software Developer,Health Sciences,0,,,,,,,,5,5,1,3,3,1,1,5,5,3,2,3,"Microsoft Excel, SAS, SAS","Coming from a financially challenged background, I see this as a great opportunity to grow professionally and help others in the future."
04/24/2024 16:50,35,Iloilo,No,,No,College grad,Accounting,Business,2023.0,,,,,39350.0,34350.0,Employed,Accountant,Education,1,,,,,,,,1,1,2,1,2,2,4,3,2,2,3,5,Matlab,I am passionate about data science and eager to learn. This scholarship will allow me to advance my career and contribute to my field.
05/17/2019 00:41,23,Makati,No,,No,College grad,Information Technology,IT,2011.0,,,,,,,Unemployed,,,1,,,,,,,,5,1,2,3,1,5,4,5,1,5,5,4,R,"This training is a stepping stone for me to transition into data analysis, a field I have always been interested in."
08/17/2020 09:21,34,Quezon City,No,,No,College grad,Accounting,Business,2014.0,,,,,44460.0,39460.0,Employed,Nurse,Social Sciences,5,,,,,,,,3,1,3,5,2,2,5,4,4,2,3,5,"Microsoft Power BI, Java","I believe in continuous learning, and this program will provide me with the necessary knowledge to improve my career prospects."
08/13/2022 22:04,27,Iloilo,No,,No,College grad,Sociology,Social Sciences,2023.0,,,,,,,Unemployed,,,5,,,,,,,,5,5,5,4,3,5,1,4,2,5,2,1,"Matlab, SPSS, Microsoft Power BI","I believe in continuous learning, and this program will provide me with the necessary knowledge to improve my career prospects."
11/04/2023 18:41,40,Manila,No,,No,College grad,Pharmacy,Health Sciences,2023.0,,,,,43437.0,38437.0,Employed,Accountant,Engineering,4,,,,,,,,4,2,4,1,1,4,2,1,5,4,5,2,"Tableau, Matlab","Coming from a financially challenged background, I see this as a great opportunity to grow professionally and help others in the future."
01/13/2021 09:52,28,Zamboanga,No,,No,College grad,Early Childhood Education,Education,2020.0,,,,,,,Unemployed,,,0,,,,,,,,3,3,1,1,5,1,2,4,1,1,4,3,"R, Stats, SAS","Coming from a financially challenged background, I see this as a great opportunity to grow professionally and help others in the future."
01/16/2024 18:39,34,Manila,No,,No,College grad,Medical Technology,Health Sciences,2020.0,,,,,47114.0,42114.0,Employed,Engineer,Health Sciences,5,,,,,,,,4,5,3,1,2,1,4,4,5,2,5,3,,"With this opportunity, I can enhance my skills and use data-driven decision-making to help organizations grow."
12/17/2020 14:46,40,Baguio,No,,No,College grad,Education,Education,2014.0,,,,,39739.0,34739.0,Employed,Teacher,IT,4,,,,,,,,1,4,4,3,2,1,3,3,1,2,1,4,,"Coming from a financially challenged background, I see this as a great opportunity to grow professionally and help others in the future."
10/01/2021 18:22,29,Cagayan de Oro,No,,No,College grad,Nursing,Health Sciences,2016.0,,,,,45193.0,40193.0,Employed,Marketing Analyst,Business,0,,,,,,,,2,4,3,4,2,2,4,3,3,3,4,1,,I am passionate about data science and eager to learn. This scholarship will allow me to advance my career and contribute to my field.
12/12/2023 09:36,34,Cagayan de Oro,No,,No,College grad,Business Administration,Business,2016.0,,,,,,,Unemployed,,,1,,,,,,,,5,5,5,1,5,1,1,4,4,3,2,2,,I am passionate about data science and eager to learn. This scholarship will allow me to advance my career and contribute to my field.
05/21/2019 02:26,36,Manila,No,,No,College grad,Political Science,Social Sciences,2013.0,,,,,26511.0,21511.0,Employed,Engineer,Education,5,,,,,,,,5,2,4,4,4,2,1,3,4,1,5,2,,"Coming from a financially challenged background, I see this as a great opportunity to grow professionally and help others in the future."
10/13/2017 09:09,34,Cebu,No,,No,College grad,Pharmacy,Health Sciences,2016.0,,,,,,,Unemployed,,,2,,,,,,,,1,4,2,4,3,5,5,4,5,1,5,3,"SQL, Java",I am passionate about data science and eager to learn. This scholarship will allow me to advance my career and contribute to my field.
08/25/2022 05:49,28,Bacolod,No,,No,College grad,Software Engineering,IT,2016.0,,,,,,,Unemployed,,,2,,,,,,,,1,4,3,2,2,1,4,4,4,1,2,4,,"With this opportunity, I can enhance my skills and use data-driven decision-making to help organizations grow."
01/22/2020 18:20,38,Iloilo,No,,No,College grad,Business Administration,Business,2011.0,,,,,,,Unemployed,,,2,,,,,,,,3,5,5,5,1,2,4,3,3,5,4,4,,I am passionate about data science and eager to learn. This scholarship will allow me to advance my career and contribute to my field.
03/29/2022 08:31,21,Quezon City,No,,No,College grad,Pharmacy,Health Sciences,2013.0,,,,,,,Unemployed,,,5,,,,,,,,4,4,4,2,2,2,5,4,1,1,1,5,"Matlab, Tableau","Coming from a financially challenged background, I see this as a great opportunity to grow professionally and help others in the future."
10/01/2021 13:18,22,Makati,No,,No,College grad,Education,Education,2013.0,,,,,,,Unemployed,,,3,,,,,,,,3,4,3,3,4,4,1,4,2,4,1,1,,"This training is a stepping stone for me to transition into data analysis, a field I have always been interested in."
07/30/2022 01:51,40,Quezon City,No,,No,College grad,Accounting,Business,2020.0,,,,,,,Unemployed,,,5,,,,,,,,3,4,2,5,1,5,4,4,5,4,1,1,Tableau,"Coming from a financially challenged background, I see this as a great opportunity to grow professionally and help others in the future."
04/29/2021 15:35,30,Iloilo,No,,No,Postgrad,Mathematics Education,Education,2016.0,,,2027.0,Masters in Data Science,31513.0,26513.0,Employed,Accountant,IT,4,,,,,,,,2,5,2,2,5,2,3,1,2,3,5,1,,"With this opportunity, I can enhance my skills and use data-driven decision-making to help organizations grow."
12/25/2024 08:33,24,Makati,No,,No,College grad,Early Childhood Education,Education,2010.0,,,,,,,Unemployed,,,5,,,,,,,,1,5,4,4,3,5,4,1,1,3,5,3,,"Coming from a financially challenged background, I see this as a great opportunity to grow professionally and help others in the future."
04/15/2017 16:58,39,Iloilo,No,,No,College grad,Information Technology,IT,2020.0,,,,,,,Unemployed,,,4,,,,,,,,4,1,1,4,1,2,5,1,3,5,1,5,,"With this opportunity, I can enhance my skills and use data-driven decision-making to help organizations grow."
09/03/2019 17:55,21,Davao,No,,No,Postgrad,Education,Education,2016.0,,,2024.0,Masters in Data Science,34066.0,29066.0,Employed,Teacher,Engineering,4,,,,,,,,1,3,2,2,1,3,3,2,1,4,3,3,R,I am passionate about data science and eager to learn. This scholarship will allow me to advance my career and contribute to my field.
06/27/2022 14:46,31,Baguio,No,,No,College grad,Political Science,Social Sciences,2011.0,,,,,38066.0,33066.0,Employed,Data Analyst,Business,4,,,,,,,,3,2,4,4,1,5,1,5,3,3,1,5,Python,"This training is a stepping stone for me to transition into data analysis, a field I have always been interested in."
07/29/2021 03:05,32,Davao,No,,No,College grad,Accounting,Business,2017.0,,,,,,,Unemployed,,,5,,,,,,,,2,4,2,3,4,1,2,3,2,4,3,2,"Stats, SPSS, Microsoft Excel","With this opportunity, I can enhance my skills and use data-driven decision-making to help organizations grow."
09/18/2021 23:22,28,Baguio,No,,No,College grad,Early Childhood Education,Education,2011.0,,,,,25885.0,20885.0,Employed,Nurse,Health Sciences,3,,,,,,,,2,2,4,1,5,1,3,3,2,5,1,4,Matlab,"Coming from a financially challenged background, I see this as a great opportunity to grow professionally and help others in the future."
02/21/2019 16:10,22,Bacolod,No,,No,Postgrad,Marketing,Business,2016.0,,,2026.0,Masters in Data Science,46256.0,41256.0,Employed,Engineer,Health Sciences,1,,,,,,,,3,5,2,5,2,5,3,3,1,5,1,2,"Microsoft Power BI, Tableau, Matlab","I believe in continuous learning, and this program will provide me with the necessary knowledge to improve my career prospects."
02/05/2021 07:25,25,Cebu,No,,No,College grad,Political Science,Social Sciences,2011.0,,,,,38629.0,33629.0,Employed,Engineer,IT,0,,,,,,,,3,2,2,2,2,4,5,2,2,5,4,2,,"This training is a stepping stone for me to transition into data analysis, a field I have always been interested in."
08/03/2019 14:21,32,Baguio,No,,No,Postgrad,Nursing,Health Sciences,2016.0,,,2024.0,Masters in Data Science,,,Unemployed,,,4,,,,,,,,1,5,2,1,1,5,4,4,2,4,3,3,"Python, Microsoft Power BI","With this opportunity, I can enhance my skills and use data-driven decision-making to help organizations grow."
04/10/2019 22:20,26,Cagayan de Oro,No,,No,College grad,Medical Technology,Health Sciences,2012.0,,,,,,,Unemployed,,,4,,,,,,,,4,3,5,4,2,4,5,1,4,5,3,2,,"Coming from a financially challenged background, I see this as a great opportunity to grow professionally and help others in the future."
05/05/2024 03:53,37,Cagayan de Oro,No,,No,College grad,Education,Education,2018.0,,,,,,,Unemployed,,,1,,,,,,,,2,3,3,1,1,4,3,3,3,4,1,4,,I am passionate about data science and eager to learn. This scholarship will allow me to advance my career and contribute to my field.
05/20/2022 04:23,33,Quezon City,No,,No,College grad,Pharmacy,Health Sciences,2010.0,,,,,27416.0,22416.0,Employed,Software Developer,Education,1,,,,,,,,3,3,4,1,4,3,1,1,4,3,5,4,"Java, R, SAS",I am passionate about data science and eager to learn. This scholarship will allow me to advance my career and contribute to my field.
09/07/2023 06:37,29,Bacolod,No,,No,College grad,Pharmacy,Health Sciences,2019.0,,,,,,,Unemployed,,,5,,,,,,,,3,5,2,1,3,1,5,3,4,4,4,1,"Matlab, Stats",I am passionate about data science and eager to learn. This scholarship will allow me to advance my career and contribute to my field.
04/17/2017 15:27,23,Zamboanga,No,,No,College grad,Mathematics Education,Education,2017.0,,,,,,,Unemployed,,,4,,,,,,,,3,1,1,1,2,4,4,4,4,5,3,2,SQL,I am passionate about data science and eager to learn. This scholarship will allow me to advance my career and contribute to my field.
07/18/2023 09:21,27,Iloilo,No,,No,College grad,Electrical Engineering,Engineering,2021.0,,,,,,,Unemployed,,,1,,,,,,,,1,1,2,3,5,4,4,5,3,3,3,1,,"With this opportunity, I can enhance my skills and use data-driven decision-making to help organizations grow."
07/28/2024 09:17,39,Cagayan de Oro,No,,No,College grad,Civil Engineering,Engineering,2019.0,,,,,42636.0,37636.0,Employed,Software Developer,Engineering,0,,,,,,,,1,5,3,5,3,2,1,1,2,3,3,1,,"I believe in continuous learning, and this program will provide me with the necessary knowledge to improve my career prospects."
09/25/2018 15:29,32,Iloilo,No,,No,College grad,Mechanical Engineering,Engineering,2015.0,,,,,44466.0,39466.0,Employed,Teacher,Health Sciences,5,,,,,,,,1,4,3,3,3,2,1,3,2,2,3,1,,I am passionate about data science and eager to learn. This scholarship will allow me to advance my career and contribute to my field.
09/01/2023 05:55,39,Makati,No,,No,College grad,Pharmacy,Health Sciences,2012.0,,,,,,,Unemployed,,,3,,,,,,,,1,4,4,2,2,4,5,4,1,2,3,5,,I am passionate about data science and eager to learn. This scholarship will allow me to advance my career and contribute to my field.
09/14/2021 19:09,32,Baguio,No,,No,Postgrad,Computer Science,IT,2016.0,,,2026.0,Masters in Data Science,44454.0,39454.0,Employed,Data Analyst,IT,5,,,,,,,,5,1,4,2,5,3,5,4,5,1,1,4,,I am passionate about data science and eager to learn. This scholarship will allow me to advance my career and contribute to my field.
07/06/2018 12:09,37,Iloilo,No,,No,College grad,Pharmacy,Health Sciences,2020.0,,,,,48736.0,43736.0,Employed,Accountant,Social Sciences,5,,,,,,,,5,1,2,2,2,2,5,5,4,3,1,3,,"With this opportunity, I can enhance my skills and use data-driven decision-making to help organizations grow."
12/01/2017 14:32,20,Iloilo,No,,No,College grad,Mathematics Education,Education,2012.0,,,,,49872.0,44872.0,Employed,Data Analyst,IT,0,,,,,,,,2,4,2,5,3,3,3,4,5,5,1,5,"R, R, Matlab","I believe in continuous learning, and this program will provide me with the necessary knowledge to improve my career prospects."
12/17/2020 17:45,33,Baguio,No,,No,College grad,Computer Science,IT,2016.0,,,,,30404.0,25404.0,Employed,Engineer,Social Sciences,3,,,,,,,,4,2,4,3,5,3,5,4,2,2,1,2,,I am passionate about data science and eager to learn. This scholarship will allow me to advance my career and contribute to my field.
05/24/2022 04:18,25,Iloilo,No,,No,College grad,Psychology,Social Sciences,2016.0,,,,,,,Unemployed,,,1,,,,,,,,4,1,2,4,5,5,5,3,5,2,1,2,,I am passionate about data science and eager to learn. This scholarship will allow me to advance my career and contribute to my field.
03/22/2023 23:29,25,Baguio,No,,No,College grad,Psychology,Social Sciences,2022.0,,,,,46233.0,41233.0,Employed,Accountant,Education,1,,,,,,,,5,3,5,5,1,1,2,5,5,3,4,2,SPSS,"I believe in continuous learning, and this program will provide me with the necessary knowledge to improve my career prospects."
09/07/2023 02:49,32,Cebu,No,,No,College grad,Business Administration,Business,2020.0,,,,,44320.0,39320.0,Employed,Engineer,IT,5,,,,,,,,1,3,5,1,4,5,3,1,2,2,5,1,,"I believe in continuous learning, and this program will provide me with the necessary knowledge to improve my career prospects."
02/27/2019 12:51,31,Makati,No,,No,College grad,Nursing,Health Sciences,2013.0,,,,,,,Unemployed,,,2,,,,,,,,4,3,5,2,3,3,1,4,1,1,1,3,Stats,"This training is a stepping stone for me to transition into data analysis, a field I have always been interested in."
09/30/2019 21:19,33,Davao,No,,No,College grad,Civil Engineering,Engineering,2022.0,,,,,,,Unemployed,,,0,,,,,,,,3,3,5,4,3,4,2,3,1,3,1,4,,"With this opportunity, I can enhance my skills and use data-driven decision-making to help organizations grow."
01/18/2019 11:03,20,Baguio,No,,No,College grad,Medical Technology,Health Sciences,2022.0,,,,,,,Unemployed,,,5,,,,,,,,4,4,1,2,2,3,5,3,3,2,4,3,,"This training is a stepping stone for me to transition into data analysis, a field I have always been interested in."
06/07/2018 02:21,20,Quezon City,No,,No,Postgrad,Information Technology,IT,2016.0,,,2026.0,Masters in Data Science,,,Unemployed,,,5,,,,,,,,2,5,4,3,4,3,1,2,4,3,2,5,,"Coming from a financially challenged background, I see this as a great opportunity to grow professionally and help others in the future."
05/02/2020 15:49,39,Manila,No,,No,College grad,Education,Education,2018.0,,,,,,,Unemployed,,,0,,,,,,,,2,3,5,2,2,5,4,3,2,1,4,1,R,"Coming from a financially challenged background, I see this as a great opportunity to grow professionally and help others in the future."
05/04/2019 10:08,36,Makati,No,,No,College grad,Business Administration,Business,2011.0,,,,,40643.0,35643.0,Employed,Data Analyst,Business,1,,,,,,,,2,3,5,5,4,2,5,3,5,4,4,3,"SAS, Java","With this opportunity, I can enhance my skills and use data-driven decision-making to help organizations grow."
03/15/2018 17:38,33,Iloilo,No,,No,Postgrad,Nursing,Health Sciences,2016.0,,,2025.0,Masters in Data Science,31571.0,26571.0,Employed,Accountant,Business,0,,,,,,,,5,4,5,2,4,2,2,2,1,1,1,2,,"This training is a stepping stone for me to transition into data analysis, a field I have always been interested in."
01/08/2019 05:34,40,Baguio,No,,No,College grad,Electrical Engineering,Engineering,2019.0,,,,,,,Unemployed,,,2,,,,,,,,2,4,1,3,1,5,2,3,5,5,2,5,,I am passionate about data science and eager to learn. This scholarship will allow me to advance my career and contribute to my field.
09/18/2019 15:17,35,Baguio,No,,No,College grad,Software Engineering,IT,2020.0,,,,,42450.0,37450.0,Employed,Nurse,Social Sciences,4,,,,,,,,1,2,3,1,5,5,2,2,1,4,3,2,"Python, SQL, Tableau","This training is a stepping stone for me to transition into data analysis, a field I have always been interested in."
06/23/2021 11:17,21,Manila,No,,No,College grad,Education,Education,2013.0,,,,,,,Unemployed,,,0,,,,,,,,3,4,2,2,2,3,1,5,5,2,5,2,"Microsoft Excel, Python","Coming from a financially challenged background, I see this as a great opportunity to grow professionally and help others in the future."
11/15/2017 12:20,33,Iloilo,No,,No,Postgrad,Computer Science,IT,2016.0,,,2025.0,Masters in Data Science,,,Unemployed,,,5,,,,,,,,5,4,3,1,5,2,5,3,4,4,5,3,,"I believe in continuous learning, and this program will provide me with the necessary knowledge to improve my career prospects."
07/09/2024 23:13,23,Cagayan de Oro,No,,No,College grad,Business Administration,Business,2012.0,,,,,36132.0,31132.0,Employed,Software Developer,Social Sciences,2,,,,,,,,3,1,3,3,1,3,1,3,4,3,2,2,,"Coming from a financially challenged background, I see this as a great opportunity to grow professionally and help others in the future."
12/21/2020 05:31,20,Bacolod,No,,No,Postgrad,Civil Engineering,Engineering,2016.0,,,2027.0,Masters in Data Science,,,Unemployed,,,3,,,,,,,,5,1,1,3,1,2,2,2,4,4,3,3,,I am passionate about data science and eager to learn. This scholarship will allow me to advance my career and contribute to my field.
08/28/2024 13:30,27,Baguio,No,,No,College grad,Sociology,Social Sciences,2013.0,,,,,,,Unemployed,,,4,,,,,,,,1,2,2,3,3,4,3,1,3,2,1,2,"R, SPSS, Microsoft Power BI","Coming from a financially challenged background, I see this as a great opportunity to grow professionally and help others in the future."
09/13/2018 02:10,20,Bacolod,No,,No,College grad,Computer Science,IT,2023.0,,,,,,,Unemployed,,,1,,,,,,,,4,4,3,3,1,1,1,4,1,5,1,1,,"This training is a stepping stone for me to transition into data analysis, a field I have always been interested in."
03/28/2023 14:12,23,Davao,No,,No,College grad,Business Administration,Business,2015.0,,,,,45671.0,40671.0,Employed,Accountant,Education,0,,,,,,,,4,3,4,1,2,3,3,5,2,2,1,3,"SQL, Microsoft Excel","With this opportunity, I can enhance my skills and use data-driven decision-making to help organizations grow."
03/02/2024 19:35,32,Zamboanga,No,,No,Postgrad,Accounting,Business,2016.0,,,2024.0,Masters in Data Science,45890.0,40890.0,Employed,Accountant,Business,3,,,,,,,,3,1,1,4,1,3,1,1,3,5,4,4,,"I believe in continuous learning, and this program will provide me with the necessary knowledge to improve my career prospects."
08/28/2022 04:54,27,Davao,No,,No,College grad,Early Childhood Education,Education,2018.0,,,,,37651.0,32651.0,Employed,Software Developer,Health Sciences,3,,,,,,,,2,2,1,2,1,4,3,1,1,3,4,1,,"With this opportunity, I can enhance my skills and use data-driven decision-making to help organizations grow."
08/12/2017 21:49,34,Davao,No,,No,College grad,Marketing,Business,2018.0,,,,,,,Unemployed,,,2,,,,,,,,5,2,3,3,1,2,3,2,2,3,2,2,"Tableau, R, Python","With this opportunity, I can enhance my skills and use data-driven decision-making to help organizations grow."
03/01/2023 12:52,33,Bacolod,No,,No,College grad,Business Administration,Business,2011.0,,,,,40738.0,35738.0,Employed,Accountant,IT,2,,,,,,,,2,4,1,5,1,2,4,4,2,2,5,5,"Java, Tableau","Coming from a financially challenged background, I see this as a great opportunity to grow professionally and help others in the future."
01/20/2021 02:36,35,Makati,No,,No,College grad,Accounting,Business,2018.0,,,,,,,Unemployed,,,4,,,,,,,,4,2,5,5,2,4,1,3,1,1,3,5,"SPSS, eViews, SPSS",I am passionate about data science and eager to learn. This scholarship will allow me to advance my career and contribute to my field.
02/19/2017 01:27,27,Davao,No,,No,Postgrad,Information Technology,IT,2016.0,,,2024.0,Masters in Data Science,,,Unemployed,,,5,,,,,,,,3,3,1,4,3,1,1,3,4,1,2,5,,"This training is a stepping stone for me to transition into data analysis, a field I have always been interested in."
09/26/2019 03:21,27,Cagayan de Oro,No,,No,College grad,Business Administration,Business,2013.0,,,,,,,Unemployed,,,4,,,,,,,,3,4,1,1,1,2,3,4,5,3,2,1,,"With this opportunity, I can enhance my skills and use data-driven decision-making to help organizations grow."
07/18/2019 17:08,35,Davao,No,,No,College grad,Mathematics Education,Education,2022.0,,,,,,,Unemployed,,,5,,,,,,,,3,1,4,5,5,4,3,4,5,3,2,3,,"This training is a stepping stone for me to transition into data analysis, a field I have always been interested in."
07/02/2018 17:11,40,Zamboanga,No,,No,Postgrad,Software Engineering,IT,2016.0,,,2026.0,Masters in Data Science,43319.0,38319.0,Employed,Teacher,Engineering,3,,,,,,,,3,3,4,2,4,4,4,5,5,2,4,5,"Stats, Stats, Java","With this opportunity, I can enhance my skills and use data-driven decision-making to help organizations grow."
09/11/2018 12:54,31,Cebu,No,,No,College grad,Software Engineering,IT,2016.0,,,,,,,Unemployed,,,4,,,,,,,,2,2,1,4,5,4,2,1,4,3,1,4,,"This training is a stepping stone for me to transition into data analysis, a field I have always been interested in."
02/17/2020 22:25,22,Manila,No,,No,College grad,Early Childhood Education,Education,2016.0,,,,,37089.0,32089.0,Employed,Engineer,Social Sciences,2,,,,,,,,1,4,2,2,3,1,5,3,5,2,5,3,,"Coming from a financially challenged background, I see this as a great opportunity to grow professionally and help others in the future."
04/25/2018 04:01,30,Cebu,No,,No,Postgrad,Political Science,Social Sciences,2016.0,,,2025.0,Masters in Data Science,49867.0,44867.0,Employed,Software Developer,Social Sciences,3,,,,,,,,4,1,3,4,2,4,5,2,5,4,3,3,,"Coming from a financially challenged background, I see this as a great opportunity to grow professionally and help others in the future."
02/16/2023 03:07,33,Baguio,No,,No,College grad,Mechanical Engineering,Engineering,2016.0,,,,,30837.0,25837.0,Employed,Software Developer,IT,0,,,,,,,,1,2,2,2,3,5,1,5,1,1,5,5,,"This training is a stepping stone for me to transition into data analysis, a field I have always been interested in."
06/12/2023 10:47,37,Cebu,No,,No,College grad,Software Engineering,IT,2010.0,,,,,41649.0,36649.0,Employed,Software Developer,IT,4,,,,,,,,4,4,1,3,3,3,2,5,5,4,4,2,,I am passionate about data science and eager to learn. This scholarship will allow me to advance my career and contribute to my field.
07/26/2019 20:21,23,Makati,No,,No,College grad,Nursing,Health Sciences,2020.0,,,,,41560.0,36560.0,Employed,Engineer,IT,5,,,,,,,,2,5,5,4,3,3,1,2,3,3,5,4,SQL,"This training is a stepping stone for me to transition into data analysis, a field I have always been interested in."
07/31/2018 21:29,33,Bacolod,No,,No,College grad,Medical Technology,Health Sciences,2015.0,,,,,40360.0,35360.0,Employed,Accountant,Education,3,,,,,,,,1,1,4,1,2,4,4,5,3,4,3,2,,"This training is a stepping stone for me to transition into data analysis, a field I have always been interested in."
01/10/2024 04:16,35,Bacolod,No,,No,College grad,Business Administration,Business,2014.0,,,,,,,Unemployed,,,0,,,,,,,,5,2,2,5,5,4,2,3,2,3,2,3,SQL,"With this opportunity, I can enhance my skills and use data-driven decision-making to help organizations grow."
09/13/2019 15:09,21,Davao,No,,No,College grad,Marketing,Business,2014.0,,,,,39350.0,34350.0,Employed,Engineer,Business,3,,,,,,,,2,3,5,5,1,4,2,5,5,3,4,4,,"With this opportunity, I can enhance my skills and use data-driven decision-making to help organizations grow."
07/31/2021 01:28,33,Zamboanga,No,,No,College grad,Information Technology,IT,2010.0,,,,,39637.0,34637.0,Employed,Teacher,IT,3,,,,,,,,5,3,4,2,2,4,5,4,1,4,1,1,,"Coming from a financially challenged background, I see this as a great opportunity to grow professionally and help others in the future."
07/24/2018 04:09,27,Makati,No,,No,College grad,Medical Technology,Health Sciences,2018.0,,,,,,,Unemployed,,,0,,,,,,,,5,2,2,4,5,1,2,2,1,3,3,1,,"This training is a stepping stone for me to transition into data analysis, a field I have always been interested in."
10/17/2021 14:06,26,Makati,No,,No,College grad,Political Science,Social Sciences,2016.0,,,,,44326.0,39326.0,Employed,Nurse,Business,0,,,,,,,,1,4,2,1,3,3,3,3,4,4,3,2,,"With this opportunity, I can enhance my skills and use data-driven decision-making to help organizations grow."
01/23/2020 18:01,27,Cebu,No,,No,Postgrad,Sociology,Social Sciences,2016.0,,,2025.0,Masters in Data Science,,,Unemployed,,,5,,,,,,,,3,2,4,1,5,4,4,5,3,1,2,2,"Microsoft Power BI, SAS, Microsoft Power BI",I am passionate about data science and eager to learn. This scholarship will allow me to advance my career and contribute to my field.
09/05/2019 17:39,26,Quezon City,No,,No,College grad,Marketing,Business,2013.0,,,,,48904.0,43904.0,Employed,Engineer,Business,3,,,,,,,,4,2,3,2,2,3,2,5,2,3,3,5,,"I believe in continuous learning, and this program will provide me with the necessary knowledge to improve my career prospects."
01/22/2021 18:01,27,Davao,No,,No,College grad,Mathematics Education,Education,2011.0,,,,,30182.0,25182.0,Employed,Data Analyst,IT,3,,,,,,,,4,3,4,2,4,5,4,2,2,1,2,4,,"Coming from a financially challenged background, I see this as a great opportunity to grow professionally and help others in the future."
12/02/2018 00:00,35,Cebu,No,,No,Postgrad,Marketing,Business,2016.0,,,2024.0,Masters in Data Science,49361.0,44361.0,Employed,Marketing Analyst,IT,5,,,,,,,,3,4,4,4,5,2,5,2,5,3,4,1,,"With this opportunity, I can enhance my skills and use data-driven decision-making to help organizations grow."
05/28/2020 03:30,29,Cebu,No,,No,College grad,Sociology,Social Sciences,2019.0,,,,,,,Unemployed,,,5,,,,,,,,2,1,5,5,2,4,3,3,2,1,3,3,"SQL, Tableau","Coming from a financially challenged background, I see this as a great opportunity to grow professionally and help others in the future."
02/03/2021 09:33,31,Baguio,No,,No,College grad,Business Administration,Business,2021.0,,,,,41429.0,36429.0,Employed,Engineer,Education,0,,,,,,,,1,2,1,3,1,5,3,3,3,5,1,2,,"Coming from a financially challenged background, I see this as a great opportunity to grow professionally and help others in the future."
07/04/2017 16:04,26,Manila,No,,No,College grad,Psychology,Social Sciences,2017.0,,,,,,,Unemployed,,,1,,,,,,,,4,5,3,1,5,3,2,2,2,3,4,2,"SAS, Microsoft Excel, Microsoft Power BI","I believe in continuous learning, and this program will provide me with the necessary knowledge to improve my career prospects."
05/25/2018 22:03,30,Iloilo,No,,No,College grad,Civil Engineering,Engineering,2012.0,,,,,43831.0,38831.0,Employed,Accountant,Engineering,2,,,,,,,,5,1,4,5,2,1,1,1,5,1,4,5,,"With this opportunity, I can enhance my skills and use data-driven decision-making to help organizations grow."
06/10/2017 18:00,31,Quezon City,No,,No,College grad,Business Administration,Business,2016.0,,,,,38539.0,33539.0,Employed,Teacher,Education,1,,,,,,,,1,3,5,5,5,2,3,2,1,1,3,4,,"I believe in continuous learning, and this program will provide me with the necessary knowledge to improve my career prospects."
07/13/2021 04:54,31,Baguio,No,,No,Postgrad,Education,Education,2016.0,,,2026.0,Masters in Data Science,29434.0,24434.0,Employed,Data Analyst,Education,2,,,,,,,,4,4,2,5,5,1,5,4,2,3,5,5,,I am passionate about data science and eager to learn. This scholarship will allow me to advance my career and contribute to my field.
05/12/2021 17:04,21,Baguio,No,,No,College grad,Medical Technology,Health Sciences,2012.0,,,,,36418.0,31418.0,Employed,Accountant,Business,3,,,,,,,,2,1,2,4,4,3,4,1,1,1,1,3,"eViews, SAS, Microsoft Excel","With this opportunity, I can enhance my skills and use data-driven decision-making to help organizations grow."
04/28/2021 05:24,38,Davao,No,,No,College grad,Computer Science,IT,2021.0,,,,,,,Unemployed,,,2,,,,,,,,2,4,2,4,4,2,5,2,3,1,1,3,,"Coming from a financially challenged background, I see this as a great opportunity to grow professionally and help others in the future."
07/03/2023 03:10,24,Cagayan de Oro,No,,No,College grad,Marketing,Business,2012.0,,,,,,,Unemployed,,,2,,,,,,,,4,3,2,2,3,3,5,4,1,2,3,3,"R, Java",I am passionate about data science and eager to learn. This scholarship will allow me to advance my career and contribute to my field.
06/05/2023 16:44,23,Makati,No,,No,College grad,Sociology,Social Sciences,2022.0,,,,,33979.0,28979.0,Employed,Teacher,IT,5,,,,,,,,1,4,5,1,1,1,1,3,5,4,2,1,"Tableau, Microsoft Power BI",I am passionate about data science and eager to learn. This scholarship will allow me to advance my career and contribute to my field.
06/13/2024 07:53,22,Makati,No,,No,College grad,Software Engineering,IT,2018.0,,,,,45196.0,40196.0,Employed,Nurse,Social Sciences,5,,,,,,,,5,5,4,3,5,4,2,4,5,1,2,1,Microsoft Power BI,"With this opportunity, I can enhance my skills and use data-driven decision-making to help organizations grow."
05/06/2020 17:21,39,Cebu,No,,No,College grad,Software Engineering,IT,2022.0,,,,,,,Unemployed,,,5,,,,,,,,5,3,3,3,1,2,2,3,3,3,1,5,"Stats, Tableau, SPSS","This training is a stepping stone for me to transition into data analysis, a field I have always been interested in."
01/29/2019 01:30,38,Cebu,No,,No,College grad,Marketing,Business,2015.0,,,,,,,Unemployed,,,2,,,,,,,,1,1,1,2,2,2,4,3,1,3,4,4,,"With this opportunity, I can enhance my skills and use data-driven decision-making to help organizations grow."
05/21/2018 12:22,27,Bacolod,No,,No,College grad,Pharmacy,Health Sciences,2019.0,,,,,33078.0,28078.0,Employed,Engineer,Engineering,4,,,,,,,,4,3,1,3,3,3,1,2,5,1,1,1,,"Coming from a financially challenged background, I see this as a great opportunity to grow professionally and help others in the future."
10/26/2024 08:48,37,Davao,No,,No,College grad,Marketing,Business,2017.0,,,,,26991.0,21991.0,Employed,Marketing Analyst,IT,4,,,,,,,,4,3,3,4,1,1,4,4,4,5,1,2,"R, SPSS","I believe in continuous learning, and this program will provide me with the necessary knowledge to improve my career prospects."
12/25/2019 21:36,34,Makati,No,,No,College grad,Nursing,Health Sciences,2014.0,,,,,,,Unemployed,,,1,,,,,,,,1,1,1,3,2,4,2,2,3,5,5,4,,"Coming from a financially challenged background, I see this as a great opportunity to grow professionally and help others in the future."
12/02/2020 10:06,31,Davao,No,,No,College grad,Psychology,Social Sciences,2013.0,,,,,39373.0,34373.0,Employed,Accountant,IT,0,,,,,,,,5,3,1,3,1,3,5,5,2,1,4,2,Python,"I believe in continuous learning, and this program will provide me with the necessary knowledge to improve my career prospects."
06/01/2021 12:12,31,Zamboanga,No,,No,Postgrad,Software Engineering,IT,2016.0,,,2024.0,Masters in Data Science,,,Unemployed,,,5,,,,,,,,1,5,3,5,1,3,2,4,4,1,1,1,,"Coming from a financially challenged background, I see this as a great opportunity to grow professionally and help others in the future."
10/08/2018 17:19,20,Quezon City,No,,No,Postgrad,Mechanical Engineering,Engineering,2016.0,,,2025.0,Masters in Data Science,,,Unemployed,,,3,,,,,,,,2,5,5,5,2,3,4,3,2,1,3,2,eViews,"Coming from a financially challenged background, I see this as a great opportunity to grow professionally and help others in the future."
07/29/2021 20:09,30,Bacolod,No,,No,Postgrad,Computer Science,IT,2016.0,,,2026.0,Masters in Data Science,39226.0,34226.0,Employed,Marketing Analyst,Business,3,,,,,,,,1,2,1,4,1,3,2,1,4,2,5,4,SPSS,"With this opportunity, I can enhance my skills and use data-driven decision-making to help organizations grow."
05/27/2024 02:16,28,Makati,No,,No,College grad,Nursing,Health Sciences,2022.0,,,,,42623.0,37623.0,Employed,Data Analyst,Health Sciences,2,,,,,,,,4,1,2,5,1,5,1,3,1,1,5,3,SPSS,"I believe in continuous learning, and this program will provide me with the necessary knowledge to improve my career prospects."
07/19/2024 01:56,33,Iloilo,No,,No,College grad,Political Science,Social Sciences,2020.0,,,,,,,Unemployed,,,0,,,,,,,,3,2,4,4,3,2,1,3,2,1,4,2,,I am passionate about data science and eager to learn. This scholarship will allow me to advance my career and contribute to my field.
01/30/2020 16:45,23,Cebu,No,,No,College grad,Mathematics Education,Education,2018.0,,,,,35594.0,30594.0,Employed,Marketing Analyst,Engineering,3,,,,,,,,4,1,5,3,3,2,2,4,5,2,3,5,,"Coming from a financially challenged background, I see this as a great opportunity to grow professionally and help others in the future."
03/28/2021 23:15,24,Zamboanga,No,,No,College grad,Nursing,Health Sciences,2011.0,,,,,46636.0,41636.0,Employed,Engineer,Business,0,,,,,,,,4,2,1,5,4,5,4,3,4,2,1,5,Java,"Coming from a financially challenged background, I see this as a great opportunity to grow professionally and help others in the future."
11/13/2020 07:56,32,Quezon City,No,,No,College grad,Political Science,Social Sciences,2014.0,,,,,,,Unemployed,,,0,,,,,,,,4,4,5,4,4,1,1,5,3,4,3,3,"R, Stats","With this opportunity, I can enhance my skills and use data-driven decision-making to help organizations grow."
01/24/2023 15:50,30,Davao,No,,No,College grad,Education,Education,2015.0,,,,,,,Unemployed,,,4,,,,,,,,1,3,4,4,2,5,1,2,1,4,2,1,"Python, Java, eViews","With this opportunity, I can enhance my skills and use data-driven decision-making to help organizations grow."
12/02/2023 04:28,22,Cagayan de Oro,No,,No,College grad,Political Science,Social Sciences,2012.0,,,,,,,Unemployed,,,5,,,,,,,,5,3,2,3,5,1,4,2,2,2,5,2,,"Coming from a financially challenged background, I see this as a great opportunity to grow professionally and help others in the future."
01/19/2021 05:00,24,Quezon City,No,,No,College grad,Marketing,Business,2013.0,,,,,,,Unemployed,,,2,,,,,,,,2,4,2,2,4,5,1,4,2,4,2,1,,"With this opportunity, I can enhance my skills and use data-driven decision-making to help organizations grow."
01/14/2020 03:19,38,Cebu,No,,No,College grad,Political Science,Social Sciences,2021.0,,,,,26035.0,21035.0,Employed,Marketing Analyst,Engineering,0,,,,,,,,5,4,2,2,5,4,3,3,3,5,5,2,,"With this opportunity, I can enhance my skills and use data-driven decision-making to help organizations grow."
05/31/2022 13:33,36,Baguio,No,,No,College grad,Accounting,Business,2012.0,,,,,,,Unemployed,,,4,,,,,,,,2,4,4,2,1,1,3,4,3,1,5,5,Stats,"Coming from a financially challenged background, I see this as a great opportunity to grow professionally and help others in the future."
05/18/2019 02:02,25,Quezon City,No,,No,Postgrad,Software Engineering,IT,2016.0,,,2025.0,Masters in Data Science,,,Unemployed,,,1,,,,,,,,5,2,1,5,2,3,2,4,5,2,3,3,SQL,"With this opportunity, I can enhance my skills and use data-driven decision-making to help organizations grow."
03/13/2022 21:12,21,Baguio,No,,No,College grad,Marketing,Business,2019.0,,,,,,,Unemployed,,,2,,,,,,,,3,5,4,2,3,3,4,1,3,3,1,3,,"I believe in continuous learning, and this program will provide me with the necessary knowledge to improve my career prospects."
10/17/2021 12:59,28,Baguio,No,,No,College grad,Electrical Engineering,Engineering,2014.0,,,,,39760.0,34760.0,Employed,Data Analyst,Education,1,,,,,,,,4,3,4,5,4,1,2,2,2,3,5,5,,"I believe in continuous learning, and this program will provide me with the necessary knowledge to improve my career prospects."
06/30/2020 17:14,39,Quezon City,No,,No,College grad,Computer Science,IT,2016.0,,,,,,,Unemployed,,,5,,,,,,,,3,3,1,5,1,4,3,3,2,1,5,1,,"I believe in continuous learning, and this program will provide me with the necessary knowledge to improve my career prospects."
04/21/2021 09:11,38,Davao,No,,No,College grad,Marketing,Business,2021.0,,,,,,,Unemployed,,,1,,,,,,,,1,2,3,4,5,4,2,3,2,1,1,5,,I am passionate about data science and eager to learn. This scholarship will allow me to advance my career and contribute to my field.
07/26/2023 18:46,22,Baguio,No,,No,College grad,Mechanical Engineering,Engineering,2022.0,,,,,37569.0,32569.0,Employed,Nurse,Engineering,1,,,,,,,,3,4,4,2,4,5,5,4,4,2,4,5,,I am passionate about data science and eager to learn. This scholarship will allow me to advance my career and contribute to my field.
11/23/2019 19:18,25,Bacolod,No,,No,College grad,Information Technology,IT,2013.0,,,,,31099.0,26099.0,Employed,Engineer,Engineering,5,,,,,,,,5,2,5,5,4,3,1,2,4,5,3,1,R,"Coming from a financially challenged background, I see this as a great opportunity to grow professionally and help others in the future."
09/03/2019 12:50,26,Davao,No,,No,College grad,Nursing,Health Sciences,2020.0,,,,,,,Unemployed,,,5,,,,,,,,3,4,4,1,4,2,3,2,1,3,4,2,,I am passionate about data science and eager to learn. This scholarship will allow me to advance my career and contribute to my field.
02/11/2023 18:59,30,Zamboanga,No,,No,College grad,Computer Science,IT,2017.0,,,,,44007.0,39007.0,Employed,Software Developer,Business,2,,,,,,,,2,1,4,5,1,5,1,4,5,5,2,1,,"With this opportunity, I can enhance my skills and use data-driven decision-making to help organizations grow."
01/02/2025 10:26,24,Baguio,No,,No,College grad,Psychology,Social Sciences,2023.0,,,,,,,Unemployed,,,3,,,,,,,,1,5,1,3,5,3,5,3,2,4,4,3,,"Coming from a financially challenged background, I see this as a great opportunity to grow professionally and help others in the future."
03/02/2021 16:39,29,Cagayan de Oro,No,,No,College grad,Mechanical Engineering,Engineering,2019.0,,,,,25801.0,20801.0,Employed,Teacher,Engineering,0,,,,,,,,4,1,1,4,2,3,5,4,5,5,5,3,"SPSS, SAS","Coming from a financially challenged background, I see this as a great opportunity to grow professionally and help others in the future."
12/17/2024 02:42,24,Bacolod,No,,No,College grad,Pharmacy,Health Sciences,2019.0,,,,,,,Unemployed,,,0,,,,,,,,2,1,2,3,3,4,4,5,2,5,1,4,"Java, SPSS","With this opportunity, I can enhance my skills and use data-driven decision-making to help organizations grow."
01/20/2018 06:13,22,Makati,No,,No,Postgrad,Business Administration,Business,2016.0,,,2024.0,Masters in Data Science,,,Unemployed,,,5,,,,,,,,5,2,3,2,4,5,4,2,3,2,1,1,"Stats, Microsoft Power BI","Coming from a financially challenged background, I see this as a great opportunity to grow professionally and help others in the future."
01/11/2018 13:14,27,Quezon City,No,,No,College grad,Nursing,Health Sciences,2022.0,,,,,,,Unemployed,,,5,,,,,,,,1,1,1,2,2,2,4,1,5,4,3,1,eViews,"This training is a stepping stone for me to transition into data analysis, a field I have always been interested in."
01/16/2020 10:19,36,Davao,No,,No,Postgrad,Information Technology,IT,2016.0,,,2024.0,Masters in Data Science,,,Unemployed,,,1,,,,,,,,1,4,2,3,2,2,4,2,4,5,2,4,,"With this opportunity, I can enhance my skills and use data-driven decision-making to help organizations grow."
06/04/2020 08:03,31,Davao,No,,No,College grad,Civil Engineering,Engineering,2015.0,,,,,,,Unemployed,,,0,,,,,,,,2,4,1,1,1,1,1,4,4,5,2,5,"Python, Matlab, R","With this opportunity, I can enhance my skills and use data-driven decision-making to help organizations grow."
08/30/2021 21:04,29,Iloilo,No,,No,College grad,Medical Technology,Health Sciences,2012.0,,,,,,,Unemployed,,,2,,,,,,,,3,3,1,2,1,2,2,2,1,3,3,2,Matlab,"With this opportunity, I can enhance my skills and use data-driven decision-making to help organizations grow."
08/27/2020 15:51,20,Baguio,No,,No,College grad,Pharmacy,Health Sciences,2010.0,,,,,32736.0,27736.0,Employed,Nurse,Business,2,,,,,,,,3,5,2,5,1,5,4,2,2,2,1,1,Matlab,"This training is a stepping stone for me to transition into data analysis, a field I have always been interested in."
07/23/2020 23:26,35,Davao,No,,No,College grad,Medical Technology,Health Sciences,2015.0,,,,,37300.0,32300.0,Employed,Engineer,Business,4,,,,,,,,2,2,5,5,4,3,5,5,3,1,5,3,,I am passionate about data science and eager to learn. This scholarship will allow me to advance my career and contribute to my field.
03/05/2018 07:11,39,Cebu,No,,No,Postgrad,Mechanical Engineering,Engineering,2016.0,,,2024.0,Masters in Data Science,34902.0,29902.0,Employed,Data Analyst,Engineering,0,,,,,,,,3,2,1,2,4,5,4,1,4,1,4,3,"Java, Python",I am passionate about data science and eager to learn. This scholarship will allow me to advance my career and contribute to my field.
08/06/2019 06:39,26,Baguio,No,,No,College grad,Accounting,Business,2023.0,,,,,,,Unemployed,,,2,,,,,,,,5,4,3,1,5,3,4,2,3,2,1,5,,"I believe in continuous learning, and this program will provide me with the necessary knowledge to improve my career prospects."
04/21/2019 06:31,31,Cagayan de Oro,No,,No,College grad,Mathematics Education,Education,2013.0,,,,,,,Unemployed,,,4,,,,,,,,1,2,3,2,4,1,5,2,5,4,2,1,Microsoft Excel,"This training is a stepping stone for me to transition into data analysis, a field I have always been interested in."
06/04/2024 14:28,34,Makati,No,,No,College grad,Political Science,Social Sciences,2015.0,,,,,39709.0,34709.0,Employed,Engineer,IT,2,,,,,,,,5,4,4,1,1,1,4,1,5,4,2,2,"Microsoft Excel, Stats, SPSS","This training is a stepping stone for me to transition into data analysis, a field I have always been interested in."
06/23/2023 18:04,30,Cebu,No,,No,College grad,Political Science,Social Sciences,2010.0,,,,,49871.0,44871.0,Employed,Nurse,Education,0,,,,,,,,1,5,2,3,5,5,3,5,1,5,2,4,"Microsoft Excel, Java, R","This training is a stepping stone for me to transition into data analysis, a field I have always been interested in."
11/04/2024 19:43,32,Bacolod,No,,No,College grad,Psychology,Social Sciences,2010.0,,,,,,,Unemployed,,,1,,,,,,,,2,3,1,2,5,3,4,1,4,3,5,4,,"With this opportunity, I can enhance my skills and use data-driven decision-making to help organizations grow."
03/22/2022 21:38,20,Manila,No,,No,College grad,Nursing,Health Sciences,2012.0,,,,,,,Unemployed,,,4,,,,,,,,4,2,5,1,5,1,3,1,3,4,5,2,,"This training is a stepping stone for me to transition into data analysis, a field I have always been interested in."
10/29/2024 06:54,39,Cagayan de Oro,No,,No,College grad,Political Science,Social Sciences,2021.0,,,,,32193.0,27193.0,Employed,Engineer,Health Sciences,2,,,,,,,,1,1,2,1,2,3,3,3,5,3,4,4,"Python, Tableau, Java","With this opportunity, I can enhance my skills and use data-driven decision-making to help organizations grow."
08/17/2018 15:19,33,Manila,No,,No,College grad,Information Technology,IT,2019.0,,,,,28498.0,23498.0,Employed,Engineer,Business,5,,,,,,,,3,1,4,2,3,3,5,5,5,3,1,1,,"Coming from a financially challenged background, I see this as a great opportunity to grow professionally and help others in the future."
01/02/2025 13:18,39,Davao,No,,No,College grad,Civil Engineering,Engineering,2021.0,,,,,,,Unemployed,,,0,,,,,,,,3,2,3,3,2,2,5,3,2,1,1,1,"Matlab, Microsoft Excel, Python",I am passionate about data science and eager to learn. This scholarship will allow me to advance my career and contribute to my field.
07/17/2020 11:58,29,Cebu,No,,No,College grad,Computer Science,IT,2022.0,,,,,39751.0,34751.0,Employed,Engineer,Engineering,3,,,,,,,,4,2,5,3,3,3,2,2,4,4,5,1,"SQL, SAS, Tableau",I am passionate about data science and eager to learn. This scholarship will allow me to advance my career and contribute to my field.
11/20/2020 00:47,33,Makati,No,,No,College grad,Mathematics Education,Education,2014.0,,,,,,,Unemployed,,,2,,,,,,,,4,4,2,5,1,3,3,4,1,5,3,4,,"I believe in continuous learning, and this program will provide me with the necessary knowledge to improve my career prospects."
01/02/2024 11:22,38,Manila,No,,No,College grad,Mechanical Engineering,Engineering,2013.0,,,,,38840.0,33840.0,Employed,Nurse,Business,5,,,,,,,,4,3,4,3,3,3,3,3,2,5,1,4,"R, Python, SPSS","I believe in continuous learning, and this program will provide me with the necessary knowledge to improve my career prospects."
07/06/2019 20:49,29,Zamboanga,No,,No,College grad,Pharmacy,Health Sciences,2017.0,,,,,39642.0,34642.0,Employed,Engineer,Engineering,4,,,,,,,,4,2,5,4,5,5,4,1,2,1,4,4,,"This training is a stepping stone for me to transition into data analysis, a field I have always been interested in."
10/13/2018 18:05,26,Cagayan de Oro,No,,No,Postgrad,Mathematics Education,Education,2016.0,,,2025.0,Masters in Data Science,,,Unemployed,,,3,,,,,,,,5,3,2,3,1,5,5,2,1,5,5,4,"SAS, Stats, SAS","With this opportunity, I can enhance my skills and use data-driven decision-making to help organizations grow."
05/25/2021 10:08,25,Davao,No,,No,College grad,Political Science,Social Sciences,2020.0,,,,,37725.0,32725.0,Employed,Teacher,Education,2,,,,,,,,1,4,2,1,1,2,5,2,4,1,1,2,"SPSS, eViews, Tableau","Coming from a financially challenged background, I see this as a great opportunity to grow professionally and help others in the future."
06/22/2017 01:21,22,Bacolod,No,,No,College grad,Accounting,Business,2017.0,,,,,42173.0,37173.0,Employed,Engineer,Health Sciences,4,,,,,,,,2,2,4,3,2,3,2,1,3,3,2,4,,"Coming from a financially challenged background, I see this as a great opportunity to grow professionally and help others in the future."
09/23/2022 19:01,38,Cebu,No,,No,Postgrad,Psychology,Social Sciences,2016.0,,,2024.0,Masters in Data Science,38242.0,33242.0,Employed,Data Analyst,Education,5,,,,,,,,2,1,5,4,3,2,2,5,5,2,1,4,"Stats, Matlab, Matlab","With this opportunity, I can enhance my skills and use data-driven decision-making to help organizations grow."
11/11/2022 13:49,39,Davao,No,,No,College grad,Computer Science,IT,2011.0,,,,,38878.0,33878.0,Employed,Engineer,Social Sciences,4,,,,,,,,2,3,2,4,3,4,1,1,5,1,2,5,"Java, eViews",I am passionate about data science and eager to learn. This scholarship will allow me to advance my career and contribute to my field.
02/07/2022 08:15,35,Manila,No,,No,College grad,Information Technology,IT,2023.0,,,,,,,Unemployed,,,5,,,,,,,,4,5,5,2,4,2,1,4,3,4,2,1,"Microsoft Power BI, Matlab, Tableau","With this opportunity, I can enhance my skills and use data-driven decision-making to help organizations grow."
03/17/2017 05:29,23,Iloilo,No,,No,College grad,Nursing,Health Sciences,2012.0,,,,,30917.0,25917.0,Employed,Accountant,Engineering,0,,,,,,,,1,2,4,4,4,4,4,5,2,3,3,2,"Microsoft Power BI, Microsoft Excel, SQL","I believe in continuous learning, and this program will provide me with the necessary knowledge to improve my career prospects."
09/16/2018 02:45,27,Makati,No,,No,College grad,Sociology,Social Sciences,2012.0,,,,,,,Unemployed,,,0,,,,,,,,5,1,4,4,1,2,5,3,3,5,1,1,,"Coming from a financially challenged background, I see this as a great opportunity to grow professionally and help others in the future."
10/05/2018 10:33,35,Bacolod,No,,No,College grad,Civil Engineering,Engineering,2016.0,,,,,45123.0,40123.0,Employed,Marketing Analyst,Business,2,,,,,,,,2,5,5,1,3,2,5,4,1,2,2,1,,"With this opportunity, I can enhance my skills and use data-driven decision-making to help organizations grow."
04/29/2019 00:54,27,Cagayan de Oro,No,,No,College grad,Civil Engineering,Engineering,2014.0,,,,,,,Unemployed,,,3,,,,,,,,1,5,1,3,2,5,5,5,3,2,3,3,,"With this opportunity, I can enhance my skills and use data-driven decision-making to help organizations grow."
07/24/2023 01:08,20,Quezon City,No,,No,Postgrad,Medical Technology,Health Sciences,2016.0,,,2026.0,Masters in Data Science,,,Unemployed,,,4,,,,,,,,5,4,5,2,5,3,1,4,1,4,2,2,Microsoft Excel,"This training is a stepping stone for me to transition into data analysis, a field I have always been interested in."
11/05/2024 16:23,28,Manila,No,,No,Postgrad,Electrical Engineering,Engineering,2016.0,,,2024.0,Masters in Data Science,,,Unemployed,,,3,,,,,,,,4,2,4,1,2,1,2,3,5,3,5,3,,"I believe in continuous learning, and this program will provide me with the necessary knowledge to improve my career prospects."
12/20/2019 19:11,23,Cebu,No,,No,College grad,Nursing,Health Sciences,2013.0,,,,,,,Unemployed,,,4,,,,,,,,1,2,4,5,4,1,1,5,1,5,1,1,"Tableau, Tableau",I am passionate about data science and eager to learn. This scholarship will allow me to advance my career and contribute to my field.
02/06/2022 03:50,39,Makati,No,,No,College grad,Education,Education,2017.0,,,,,,,Unemployed,,,0,,,,,,,,5,1,3,1,4,2,1,3,5,5,2,3,,"With this opportunity, I can enhance my skills and use data-driven decision-making to help organizations grow."
09/12/2020 16:03,38,Davao,No,,No,College grad,Nursing,Health Sciences,2014.0,,,,,37478.0,32478.0,Employed,Engineer,Health Sciences,0,,,,,,,,3,2,2,1,5,1,5,2,5,2,4,5,"Microsoft Excel, Java, Python","I believe in continuous learning, and this program will provide me with the necessary knowledge to improve my career prospects."
04/13/2023 07:29,24,Manila,No,,No,College grad,Information Technology,IT,2011.0,,,,,26816.0,21816.0,Employed,Data Analyst,Education,4,,,,,,,,3,4,4,4,2,4,3,5,5,1,5,1,,I am passionate about data science and eager to learn. This scholarship will allow me to advance my career and contribute to my field.
09/27/2024 20:54,24,Bacolod,No,,No,College grad,Mechanical Engineering,Engineering,2016.0,,,,,,,Unemployed,,,1,,,,,,,,4,1,3,1,3,4,2,1,5,2,1,3,"SPSS, Python",I am passionate about data science and eager to learn. This scholarship will allow me to advance my career and contribute to my field.
06/11/2022 01:44,21,Davao,No,,No,College grad,Nursing,Health Sciences,2012.0,,,,,45750.0,40750.0,Employed,Teacher,Education,2,,,,,,,,1,1,5,5,1,1,1,2,1,1,4,2,,"This training is a stepping stone for me to transition into data analysis, a field I have always been interested in."
05/21/2024 04:05,22,Iloilo,No,,No,College grad,Business Administration,Business,2013.0,,,,,45084.0,40084.0,Employed,Engineer,Education,3,,,,,,,,5,2,5,5,1,4,2,2,2,5,4,2,Stats,I am passionate about data science and eager to learn. This scholarship will allow me to advance my career and contribute to my field.
04/24/2023 20:30,29,Manila,No,,No,Postgrad,Mechanical Engineering,Engineering,2016.0,,,2025.0,Masters in Data Science,29986.0,24986.0,Employed,Accountant,Social Sciences,5,,,,,,,,2,2,4,4,3,2,2,2,3,2,1,4,R,"This training is a stepping stone for me to transition into data analysis, a field I have always been interested in."
05/01/2022 15:13,37,Manila,No,,No,College grad,Pharmacy,Health Sciences,2020.0,,,,,28291.0,23291.0,Employed,Nurse,IT,1,,,,,,,,3,3,5,1,1,1,5,1,5,4,2,3,"Microsoft Power BI, Microsoft Excel","With this opportunity, I can enhance my skills and use data-driven decision-making to help organizations grow."
02/11/2024 09:13,31,Cagayan de Oro,No,,No,College grad,Computer Science,IT,2022.0,,,,,28082.0,23082.0,Employed,Accountant,Engineering,5,,,,,,,,5,1,3,5,2,5,3,4,5,5,2,1,Microsoft Excel,"Coming from a financially challenged background, I see this as a great opportunity to grow professionally and help others in the future."
07/17/2024 22:15,38,Cagayan de Oro,No,,No,College grad,Information Technology,IT,2018.0,,,,,42133.0,37133.0,Employed,Accountant,Education,5,,,,,,,,4,4,1,5,4,4,2,1,5,2,3,4,Python,"This training is a stepping stone for me to transition into data analysis, a field I have always been interested in."
05/15/2024 22:38,37,Quezon City,No,,No,College grad,Computer Science,IT,2023.0,,,,,,,Unemployed,,,2,,,,,,,,4,2,3,1,5,3,4,2,2,4,1,3,Matlab,"Coming from a financially challenged background, I see this as a great opportunity to grow professionally and help others in the future."
11/01/2021 17:09,40,Quezon City,No,,No,College grad,Electrical Engineering,Engineering,2017.0,,,,,,,Unemployed,,,4,,,,,,,,1,5,4,5,2,3,5,1,5,5,4,2,,"This training is a stepping stone for me to transition into data analysis, a field I have always been interested in."
11/16/2021 14:07,36,Manila,No,,No,College grad,Pharmacy,Health Sciences,2020.0,,,,,29271.0,24271.0,Employed,Engineer,Social Sciences,1,,,,,,,,5,3,2,2,3,4,3,2,4,3,2,3,Java,"With this opportunity, I can enhance my skills and use data-driven decision-making to help organizations grow."
02/09/2020 23:39,31,Cagayan de Oro,No,,No,College grad,Psychology,Social Sciences,2021.0,,,,,,,Unemployed,,,3,,,,,,,,5,3,2,3,3,5,5,3,1,5,5,4,"eViews, Matlab","I believe in continuous learning, and this program will provide me with the necessary knowledge to improve my career prospects."
08/02/2024 04:24,39,Zamboanga,No,,No,College grad,Civil Engineering,Engineering,2013.0,,,,,,,Unemployed,,,2,,,,,,,,2,3,4,1,4,4,2,5,4,3,2,2,,I am passionate about data science and eager to learn. This scholarship will allow me to advance my career and contribute to my field.
05/16/2022 01:37,40,Manila,No,,No,College grad,Electrical Engineering,Engineering,2015.0,,,,,,,Unemployed,,,2,,,,,,,,3,1,2,1,2,2,4,3,1,2,1,2,,"I believe in continuous learning, and this program will provide me with the necessary knowledge to improve my career prospects."
03/11/2024 13:05,38,Makati,No,,No,College grad,Mechanical Engineering,Engineering,2016.0,,,,,,,Unemployed,,,2,,,,,,,,5,3,5,3,5,2,4,3,1,5,1,3,,"This training is a stepping stone for me to transition into data analysis, a field I have always been interested in."
09/03/2020 12:33,37,Baguio,No,,No,College grad,Education,Education,2013.0,,,,,44976.0,39976.0,Employed,Software Developer,IT,3,,,,,,,,4,5,1,5,4,1,4,2,2,5,5,2,Matlab,I am passionate about data science and eager to learn. This scholarship will allow me to advance my career and contribute to my field.
05/03/2018 21:54,28,Zamboanga,No,,No,College grad,Electrical Engineering,Engineering,2012.0,,,,,41412.0,36412.0,Employed,Data Analyst,Education,1,,,,,,,,2,2,2,3,5,3,4,3,5,5,1,5,"Microsoft Excel, R","I believe in continuous learning, and this program will provide me with the necessary knowledge to improve my career prospects."
03/19/2017 02:55,25,Baguio,No,,No,College grad,Mechanical Engineering,Engineering,2022.0,,,,,,,Unemployed,,,4,,,,,,,,1,1,4,5,5,4,1,5,5,3,2,4,,"This training is a stepping stone for me to transition into data analysis, a field I have always been interested in."
04/23/2018 19:54,22,Quezon City,No,,No,College grad,Sociology,Social Sciences,2022.0,,,,,26899.0,21899.0,Employed,Data Analyst,Health Sciences,5,,,,,,,,1,1,4,4,5,5,4,3,5,5,2,2,eViews,"I believe in continuous learning, and this program will provide me with the necessary knowledge to improve my career prospects."
05/11/2024 14:42,40,Baguio,No,,No,College grad,Early Childhood Education,Education,2011.0,,,,,,,Unemployed,,,3,,,,,,,,4,3,3,5,5,2,3,3,2,3,4,4,,"This training is a stepping stone for me to transition into data analysis, a field I have always been interested in."
04/23/2017 19:42,36,Cebu,No,,No,College grad,Nursing,Health Sciences,2018.0,,,,,33862.0,28862.0,Employed,Data Analyst,Business,4,,,,,,,,3,4,1,2,4,5,5,5,5,5,1,5,R,"Coming from a financially challenged background, I see this as a great opportunity to grow professionally and help others in the future."
04/28/2024 22:09,37,Cagayan de Oro,No,,No,College grad,Mechanical Engineering,Engineering,2018.0,,,,,41300.0,36300.0,Employed,Teacher,Engineering,1,,,,,,,,5,3,3,5,5,2,2,2,1,5,4,3,"Matlab, SAS","I believe in continuous learning, and this program will provide me with the necessary knowledge to improve my career prospects."
01/06/2022 15:03,26,Bacolod,No,,No,Postgrad,Accounting,Business,2016.0,,,2025.0,Masters in Data Science,,,Unemployed,,,1,,,,,,,,3,4,5,3,3,2,2,1,4,2,5,4,SPSS,I am passionate about data science and eager to learn. This scholarship will allow me to advance my career and contribute to my field.
06/08/2023 13:33,21,Cagayan de Oro,No,,No,College grad,Software Engineering,IT,2020.0,,,,,38868.0,33868.0,Employed,Engineer,Health Sciences,5,,,,,,,,5,2,1,5,1,1,3,2,5,2,1,2,Python,"Coming from a financially challenged background, I see this as a great opportunity to grow professionally and help others in the future."
01/18/2019 12:07,21,Cebu,No,,No,College grad,Early Childhood Education,Education,2016.0,,,,,29290.0,24290.0,Employed,Accountant,Engineering,5,,,,,,,,4,1,4,3,5,3,1,4,2,5,1,2,"SAS, Tableau, Java","With this opportunity, I can enhance my skills and use data-driven decision-making to help organizations grow."
04/03/2018 22:40,39,Baguio,No,,No,College grad,Nursing,Health Sciences,2016.0,,,,,45938.0,40938.0,Employed,Accountant,Social Sciences,1,,,,,,,,4,3,1,4,3,1,3,4,2,5,1,5,"Tableau, Python",I am passionate about data science and eager to learn. This scholarship will allow me to advance my career and contribute to my field.
03/07/2018 13:08,20,Manila,No,,No,Postgrad,Sociology,Social Sciences,2016.0,,,2025.0,Masters in Data Science,,,Unemployed,,,5,,,,,,,,1,2,2,3,1,3,5,3,5,3,1,2,,"With this opportunity, I can enhance my skills and use data-driven decision-making to help organizations grow."
10/12/2020 08:56,24,Quezon City,No,,No,College grad,Software Engineering,IT,2015.0,,,,,,,Unemployed,,,3,,,,,,,,3,5,5,2,5,3,5,5,3,5,2,1,Matlab,"Coming from a financially challenged background, I see this as a great opportunity to grow professionally and help others in the future."
09/18/2021 17:25,25,Cagayan de Oro,No,,No,College grad,Psychology,Social Sciences,2016.0,,,,,,,Unemployed,,,4,,,,,,,,2,2,4,5,3,5,3,4,2,4,4,5,"Java, Matlab, R","Coming from a financially challenged background, I see this as a great opportunity to grow professionally and help others in the future."
05/15/2022 16:41,37,Quezon City,No,,No,College grad,Nursing,Health Sciences,2012.0,,,,,28818.0,23818.0,Employed,Accountant,Education,2,,,,,,,,3,5,4,3,1,3,1,2,2,5,4,4,,"With this opportunity, I can enhance my skills and use data-driven decision-making to help organizations grow."
01/01/2022 15:56,40,Cagayan de Oro,No,,No,College grad,Mathematics Education,Education,2013.0,,,,,31982.0,26982.0,Employed,Teacher,Social Sciences,4,,,,,,,,1,3,4,3,1,4,1,3,2,3,5,5,"SPSS, Java, Microsoft Excel","This training is a stepping stone for me to transition into data analysis, a field I have always been interested in."
05/16/2018 06:08,31,Iloilo,No,,No,College grad,Psychology,Social Sciences,2022.0,,,,,49718.0,44718.0,Employed,Teacher,Health Sciences,4,,,,,,,,5,4,1,4,2,2,2,5,5,2,2,3,"SQL, Microsoft Excel, Microsoft Power BI",I am passionate about data science and eager to learn. This scholarship will allow me to advance my career and contribute to my field.
02/15/2019 04:23,26,Makati,No,,No,College grad,Marketing,Business,2021.0,,,,,43973.0,38973.0,Employed,Marketing Analyst,Health Sciences,4,,,,,,,,3,4,1,3,5,1,1,1,4,3,2,2,,I am passionate about data science and eager to learn. This scholarship will allow me to advance my career and contribute to my field.
12/16/2023 01:36,25,Manila,No,,No,Postgrad,Early Childhood Education,Education,2016.0,,,2027.0,Masters in Data Science,30129.0,25129.0,Employed,Accountant,Health Sciences,5,,,,,,,,3,4,1,2,4,3,2,2,2,4,2,5,Stats,"With this opportunity, I can enhance my skills and use data-driven decision-making to help organizations grow."
10/07/2018 21:10,23,Makati,No,,No,Postgrad,Business Administration,Business,2016.0,,,2024.0,Masters in Data Science,,,Unemployed,,,5,,,,,,,,2,4,2,1,2,2,3,5,2,2,4,3,eViews,"This training is a stepping stone for me to transition into data analysis, a field I have always been interested in."
10/24/2019 13:52,27,Davao,No,,No,College grad,Medical Technology,Health Sciences,2012.0,,,,,33896.0,28896.0,Employed,Teacher,IT,1,,,,,,,,2,4,5,3,1,5,4,4,1,4,5,1,,I am passionate about data science and eager to learn. This scholarship will allow me to advance my career and contribute to my field.
10/05/2021 08:14,28,Iloilo,No,,No,Postgrad,Sociology,Social Sciences,2016.0,,,2024.0,Masters in Data Science,,,Unemployed,,,5,,,,,,,,4,1,5,5,1,3,5,4,2,1,5,1,"R, eViews","Coming from a financially challenged background, I see this as a great opportunity to grow professionally and help others in the future."
10/05/2022 00:57,20,Quezon City,No,,No,College grad,Software Engineering,IT,2019.0,,,,,,,Unemployed,,,1,,,,,,,,4,1,1,2,4,5,3,4,4,4,5,1,"Tableau, SAS","This training is a stepping stone for me to transition into data analysis, a field I have always been interested in."
04/09/2017 22:30,37,Zamboanga,No,,No,Postgrad,Pharmacy,Health Sciences,2016.0,,,2025.0,Masters in Data Science,26784.0,21784.0,Employed,Software Developer,IT,2,,,,,,,,4,4,1,5,3,3,2,3,1,5,5,4,,"This training is a stepping stone for me to transition into data analysis, a field I have always been interested in."
07/02/2020 05:28,26,Bacolod,No,,No,College grad,Mathematics Education,Education,2019.0,,,,,,,Unemployed,,,5,,,,,,,,2,5,5,5,4,1,3,4,1,1,2,3,"SAS, SQL, Python","I believe in continuous learning, and this program will provide me with the necessary knowledge to improve my career prospects."
10/29/2023 04:25,22,Baguio,No,,No,College grad,Pharmacy,Health Sciences,2012.0,,,,,37685.0,32685.0,Employed,Marketing Analyst,IT,0,,,,,,,,1,1,5,5,1,3,5,2,4,5,3,3,"Microsoft Excel, Microsoft Excel, Microsoft Excel","I believe in continuous learning, and this program will provide me with the necessary knowledge to improve my career prospects."
09/04/2019 21:31,34,Bacolod,No,,No,College grad,Software Engineering,IT,2012.0,,,,,40006.0,35006.0,Employed,Nurse,Business,1,,,,,,,,3,1,5,4,4,5,1,1,5,3,5,1,,"Coming from a financially challenged background, I see this as a great opportunity to grow professionally and help others in the future."
08/11/2019 17:09,31,Baguio,No,,No,College grad,Electrical Engineering,Engineering,2013.0,,,,,,,Unemployed,,,0,,,,,,,,4,3,4,5,5,4,5,4,4,3,5,2,Microsoft Power BI,"With this opportunity, I can enhance my skills and use data-driven decision-making to help organizations grow."
04/21/2024 03:21,30,Bacolod,No,,No,College grad,Marketing,Business,2012.0,,,,,,,Unemployed,,,0,,,,,,,,3,2,4,5,5,3,2,3,5,4,3,4,,"This training is a stepping stone for me to transition into data analysis, a field I have always been interested in."
09/03/2019 05:40,35,Manila,No,,No,College grad,Pharmacy,Health Sciences,2019.0,,,,,25175.0,20175.0,Employed,Software Developer,Social Sciences,2,,,,,,,,4,2,5,5,3,2,5,1,4,5,2,1,,"I believe in continuous learning, and this program will provide me with the necessary knowledge to improve my career prospects."
07/15/2019 05:24,27,Davao,No,,No,College grad,Electrical Engineering,Engineering,2021.0,,,,,26346.0,21346.0,Employed,Software Developer,Business,2,,,,,,,,1,4,2,3,2,3,1,2,4,1,3,3,"Microsoft Power BI, SPSS, Microsoft Excel","I believe in continuous learning, and this program will provide me with the necessary knowledge to improve my career prospects."
02/04/2022 15:18,36,Cebu,No,,No,College grad,Civil Engineering,Engineering,2022.0,,,,,49984.0,44984.0,Employed,Marketing Analyst,Social Sciences,5,,,,,,,,3,2,3,1,5,4,5,5,3,5,4,2,"Java, Tableau","With this opportunity, I can enhance my skills and use data-driven decision-making to help organizations grow."
02/08/2020 12:12,29,Zamboanga,No,,No,Postgrad,Sociology,Social Sciences,2016.0,,,2025.0,Masters in Data Science,25339.0,20339.0,Employed,Engineer,Engineering,3,,,,,,,,2,3,1,2,2,3,3,2,5,2,5,1,"eViews, Stats","I believe in continuous learning, and this program will provide me with the necessary knowledge to improve my career prospects."
11/11/2022 10:33,40,Bacolod,No,,No,Postgrad,Pharmacy,Health Sciences,2016.0,,,2025.0,Masters in Data Science,,,Unemployed,,,0,,,,,,,,1,3,4,5,5,1,2,1,4,4,3,2,"Python, Java","With this opportunity, I can enhance my skills and use data-driven decision-making to help organizations grow."
03/09/2024 10:44,37,Cagayan de Oro,No,,No,College grad,Sociology,Social Sciences,2016.0,,,,,47843.0,42843.0,Employed,Engineer,Social Sciences,2,,,,,,,,2,3,2,2,3,1,3,5,1,1,1,1,"eViews, Stats, SPSS","Coming from a financially challenged background, I see this as a great opportunity to grow professionally and help others in the future."
05/19/2018 21:46,27,Bacolod,No,,No,Postgrad,Accounting,Business,2016.0,,,2027.0,Masters in Data Science,45179.0,40179.0,Employed,Software Developer,IT,3,,,,,,,,2,4,2,4,3,5,1,4,2,3,4,5,,"This training is a stepping stone for me to transition into data analysis, a field I have always been interested in."
01/19/2020 22:01,20,Zamboanga,No,,No,College grad,Electrical Engineering,Engineering,2013.0,,,,,,,Unemployed,,,5,,,,,,,,1,1,4,2,2,4,4,4,1,2,3,4,,I am passionate about data science and eager to learn. This scholarship will allow me to advance my career and contribute to my field.
02/15/2020 15:26,33,Makati,No,,No,College grad,Software Engineering,IT,2019.0,,,,,42963.0,37963.0,Employed,Engineer,Engineering,0,,,,,,,,4,1,5,4,4,1,2,1,5,5,4,3,"SAS, SPSS","This training is a stepping stone for me to transition into data analysis, a field I have always been interested in."
07/16/2019 14:43,29,Cebu,No,,No,College grad,Medical Technology,Health Sciences,2017.0,,,,,38356.0,33356.0,Employed,Nurse,Engineering,2,,,,,,,,2,5,5,5,2,3,4,2,1,2,5,2,,"Coming from a financially challenged background, I see this as a great opportunity to grow professionally and help others in the future."
05/02/2021 02:00,34,Manila,No,,No,College grad,Accounting,Business,2018.0,,,,,35424.0,30424.0,Employed,Teacher,Education,4,,,,,,,,3,3,5,3,4,4,2,2,4,5,5,2,,I am passionate about data science and eager to learn. This scholarship will allow me to advance my career and contribute to my field.
06/25/2024 08:06,23,Makati,No,,No,College grad,Software Engineering,IT,2022.0,,,,,,,Unemployed,,,0,,,,,,,,3,4,3,2,1,4,2,1,1,3,2,1,,"Coming from a financially challenged background, I see this as a great opportunity to grow professionally and help others in the future."
03/31/2024 15:52,21,Davao,No,,No,Postgrad,Software Engineering,IT,2016.0,,,2027.0,Masters in Data Science,,,Unemployed,,,0,,,,,,,,2,5,5,5,5,2,1,2,4,1,4,1,,"This training is a stepping stone for me to transition into data analysis, a field I have always been interested in."
01/23/2021 15:19,21,Iloilo,No,,No,College grad,Pharmacy,Health Sciences,2019.0,,,,,47991.0,42991.0,Employed,Nurse,IT,0,,,,,,,,2,3,4,2,1,5,3,1,5,4,4,4,eViews,I am passionate about data science and eager to learn. This scholarship will allow me to advance my career and contribute to my field.
10/10/2024 03:41,23,Bacolod,No,,No,College grad,Nursing,Health Sciences,2021.0,,,,,28440.0,23440.0,Employed,Teacher,Business,5,,,,,,,,2,4,1,5,4,4,2,3,3,1,1,1,"Stats, Tableau","This training is a stepping stone for me to transition into data analysis, a field I have always been interested in."
04/06/2020 12:30,35,Quezon City,No,,No,College grad,Psychology,Social Sciences,2014.0,,,,,44753.0,39753.0,Employed,Data Analyst,Engineering,0,,,,,,,,3,3,4,4,4,2,5,4,1,3,5,1,,"This training is a stepping stone for me to transition into data analysis, a field I have always been interested in."
12/16/2022 17:30,35,Zamboanga,No,,No,Postgrad,Nursing,Health Sciences,2016.0,,,2024.0,Masters in Data Science,,,Unemployed,,,4,,,,,,,,1,3,3,4,3,1,4,1,3,4,4,2,,"I believe in continuous learning, and this program will provide me with the necessary knowledge to improve my career prospects."
01/24/2025 07:14,38,Manila,No,,No,College grad,Computer Science,IT,2018.0,,,,,,,Unemployed,,,3,,,,,,,,5,5,5,2,5,2,4,5,4,5,3,5,Stats,"With this opportunity, I can enhance my skills and use data-driven decision-making to help organizations grow."
03/27/2024 11:51,25,Cebu,No,,No,College grad,Electrical Engineering,Engineering,2015.0,,,,,,,Unemployed,,,2,,,,,,,,1,5,4,5,3,3,1,5,3,3,5,3,"Microsoft Excel, SQL, R","This training is a stepping stone for me to transition into data analysis, a field I have always been interested in."
03/30/2017 09:59,23,Quezon City,No,,No,College grad,Electrical Engineering,Engineering,2020.0,,,,,,,Unemployed,,,0,,,,,,,,2,3,1,4,4,1,2,1,4,1,5,1,,"Coming from a financially challenged background, I see this as a great opportunity to grow professionally and help others in the future."
11/26/2020 02:54,26,Iloilo,No,,No,College grad,Civil Engineering,Engineering,2017.0,,,,,46321.0,41321.0,Employed,Marketing Analyst,Engineering,1,,,,,,,,5,5,4,4,5,2,1,2,3,3,3,3,,"This training is a stepping stone for me to transition into data analysis, a field I have always been interested in."
07/19/2019 20:44,23,Cagayan de Oro,No,,No,College grad,Political Science,Social Sciences,2022.0,,,,,,,Unemployed,,,0,,,,,,,,4,3,4,3,3,2,4,1,4,1,4,4,,"With this opportunity, I can enhance my skills and use data-driven decision-making to help organizations grow."
01/11/2025 11:31,26,Baguio,No,,No,College grad,Electrical Engineering,Engineering,2018.0,,,,,32274.0,27274.0,Employed,Marketing Analyst,Business,2,,,,,,,,2,3,1,4,3,1,4,2,5,3,1,3,"Stats, Matlab","Coming from a financially challenged background, I see this as a great opportunity to grow professionally and help others in the future."
08/08/2024 20:44,20,Makati,No,,No,College grad,Mechanical Engineering,Engineering,2012.0,,,,,32472.0,27472.0,Employed,Software Developer,Education,5,,,,,,,,3,3,4,2,1,1,2,3,1,4,3,1,"SAS, Python, SAS","Coming from a financially challenged background, I see this as a great opportunity to grow professionally and help others in the future."
09/24/2019 10:16,26,Makati,No,,No,Postgrad,Computer Science,IT,2016.0,,,2026.0,Masters in Data Science,,,Unemployed,,,0,,,,,,,,5,1,2,2,3,4,2,1,1,3,5,5,,"Coming from a financially challenged background, I see this as a great opportunity to grow professionally and help others in the future."
08/24/2018 13:51,34,Cagayan de Oro,No,,No,Postgrad,Information Technology,IT,2016.0,,,2025.0,Masters in Data Science,,,Unemployed,,,4,,,,,,,,1,4,3,3,5,4,5,2,4,5,4,3,,"With this opportunity, I can enhance my skills and use data-driven decision-making to help organizations grow."
06/01/2023 20:54,34,Baguio,No,,No,College grad,Political Science,Social Sciences,2012.0,,,,,29965.0,24965.0,Employed,Marketing Analyst,Health Sciences,1,,,,,,,,1,4,3,5,1,5,5,3,5,3,5,5,"SPSS, Tableau","I believe in continuous learning, and this program will provide me with the necessary knowledge to improve my career prospects."
01/05/2022 07:06,31,Cebu,No,,No,College grad,Medical Technology,Health Sciences,2023.0,,,,,,,Unemployed,,,1,,,,,,,,4,2,1,4,5,2,1,4,3,5,4,4,,"Coming from a financially challenged background, I see this as a great opportunity to grow professionally and help others in the future."
05/21/2024 01:11,27,Cagayan de Oro,No,,No,Postgrad,Medical Technology,Health Sciences,2016.0,,,2027.0,Masters in Data Science,,,Unemployed,,,2,,,,,,,,5,5,5,5,4,5,1,3,3,2,2,2,"SQL, Python, Microsoft Excel","I believe in continuous learning, and this program will provide me with the necessary knowledge to improve my career prospects."
01/16/2025 10:27,24,Zamboanga,No,,No,College grad,Electrical Engineering,Engineering,2010.0,,,,,,,Unemployed,,,0,,,,,,,,2,1,5,5,4,3,5,2,3,3,5,4,"SPSS, SAS","Coming from a financially challenged background, I see this as a great opportunity to grow professionally and help others in the future."
03/31/2017 23:55,22,Manila,No,,No,Postgrad,Nursing,Health Sciences,2016.0,,,2024.0,Masters in Data Science,,,Unemployed,,,1,,,,,,,,3,5,3,2,3,1,1,4,5,4,3,1,"SPSS, Java, SQL",I am passionate about data science and eager to learn. This scholarship will allow me to advance my career and contribute to my field.
12/09/2021 16:29,24,Cebu,No,,No,College grad,Mathematics Education,Education,2023.0,,,,,,,Unemployed,,,5,,,,,,,,4,1,1,1,5,2,5,3,1,3,5,1,Java,"Coming from a financially challenged background, I see this as a great opportunity to grow professionally and help others in the future."
07/19/2018 13:40,33,Cebu,No,,No,College grad,Electrical Engineering,Engineering,2010.0,,,,,,,Unemployed,,,2,,,,,,,,2,4,4,4,2,3,3,4,5,5,4,5,"Python, Java",I am passionate about data science and eager to learn. This scholarship will allow me to advance my career and contribute to my field.
12/01/2017 10:55,35,Cebu,No,,No,Postgrad,Electrical Engineering,Engineering,2016.0,,,2024.0,Masters in Data Science,38790.0,33790.0,Employed,Data Analyst,Social Sciences,5,,,,,,,,5,3,3,4,5,3,3,2,3,3,4,1,"Microsoft Power BI, eViews, Python",I am passionate about data science and eager to learn. This scholarship will allow me to advance my career and contribute to my field.
11/24/2019 16:54,39,Manila,No,,No,College grad,Software Engineering,IT,2015.0,,,,,,,Unemployed,,,4,,,,,,,,1,5,2,4,2,2,3,5,1,2,4,1,,"Coming from a financially challenged background, I see this as a great opportunity to grow professionally and help others in the future."
01/19/2022 03:45,24,Cagayan de Oro,No,,No,Postgrad,Sociology,Social Sciences,2016.0,,,2025.0,Masters in Data Science,35058.0,30058.0,Employed,Software Developer,Social Sciences,4,,,,,,,,1,3,4,3,1,2,2,5,2,2,1,1,"SQL, SQL","This training is a stepping stone for me to transition into data analysis, a field I have always been interested in."
12/21/2024 07:26,20,Baguio,No,,No,College grad,Mathematics Education,Education,2014.0,,,,,30513.0,25513.0,Employed,Accountant,Health Sciences,2,,,,,,,,5,5,1,5,3,3,3,2,4,3,4,4,,"With this opportunity, I can enhance my skills and use data-driven decision-making to help organizations grow."
08/17/2018 21:43,25,Davao,No,,No,Postgrad,Psychology,Social Sciences,2016.0,,,2027.0,Masters in Data Science,,,Unemployed,,,3,,,,,,,,1,3,4,5,2,5,3,5,3,4,1,1,"Stats, eViews","Coming from a financially challenged background, I see this as a great opportunity to grow professionally and help others in the future."
05/21/2021 01:24,25,Iloilo,No,,No,College grad,Early Childhood Education,Education,2010.0,,,,,,,Unemployed,,,5,,,,,,,,1,4,1,2,4,5,4,3,2,2,4,5,"Microsoft Power BI, SQL","This training is a stepping stone for me to transition into data analysis, a field I have always been interested in."
10/01/2022 19:03,34,Iloilo,No,,No,College grad,Mechanical Engineering,Engineering,2021.0,,,,,42539.0,37539.0,Employed,Accountant,IT,5,,,,,,,,2,1,3,2,1,3,4,3,3,4,3,2,Microsoft Power BI,"This training is a stepping stone for me to transition into data analysis, a field I have always been interested in."
08/31/2023 21:39,28,Zamboanga,No,,No,College grad,Sociology,Social Sciences,2013.0,,,,,,,Unemployed,,,3,,,,,,,,2,3,4,4,3,2,2,2,5,1,5,3,Microsoft Excel,I am passionate about data science and eager to learn. This scholarship will allow me to advance my career and contribute to my field.
02/22/2024 06:57,26,Cagayan de Oro,No,,No,College grad,Marketing,Business,2022.0,,,,,,,Unemployed,,,4,,,,,,,,3,4,2,1,1,4,3,4,3,1,1,1,,"This training is a stepping stone for me to transition into data analysis, a field I have always been interested in."
01/09/2025 19:35,31,Iloilo,No,,No,College grad,Mechanical Engineering,Engineering,2023.0,,,,,45221.0,40221.0,Employed,Marketing Analyst,Social Sciences,3,,,,,,,,2,3,1,1,4,5,1,3,2,4,5,4,"Tableau, Microsoft Power BI",I am passionate about data science and eager to learn. This scholarship will allow me to advance my career and contribute to my field.
03/23/2024 14:49,29,Iloilo,No,,No,College grad,Psychology,Social Sciences,2023.0,,,,,44688.0,39688.0,Employed,Engineer,Engineering,1,,,,,,,,2,2,3,1,3,3,1,3,3,1,5,1,,"With this opportunity, I can enhance my skills and use data-driven decision-making to help organizations grow."
06/28/2024 06:10,22,Quezon City,No,,No,College grad,Pharmacy,Health Sciences,2013.0,,,,,48576.0,43576.0,Employed,Accountant,Education,3,,,,,,,,2,1,1,4,4,1,4,3,1,2,5,4,,"This training is a stepping stone for me to transition into data analysis, a field I have always been interested in."
03/26/2018 02:06,31,Makati,No,,No,College grad,Medical Technology,Health Sciences,2015.0,,,,,25415.0,20415.0,Employed,Data Analyst,Education,3,,,,,,,,1,3,5,3,1,5,5,2,5,4,2,2,"R, Tableau, SAS","I believe in continuous learning, and this program will provide me with the necessary knowledge to improve my career prospects."
06/09/2017 10:55,36,Iloilo,No,,No,College grad,Mechanical Engineering,Engineering,2018.0,,,,,35522.0,30522.0,Employed,Teacher,Social Sciences,0,,,,,,,,4,4,2,4,1,3,2,1,3,1,5,4,,"With this opportunity, I can enhance my skills and use data-driven decision-making to help organizations grow."
04/05/2021 07:35,20,Manila,No,,No,Postgrad,Psychology,Social Sciences,2016.0,,,2024.0,Masters in Data Science,49715.0,44715.0,Employed,Nurse,Education,1,,,,,,,,3,1,3,5,4,2,5,1,5,5,2,4,,"This training is a stepping stone for me to transition into data analysis, a field I have always been interested in."
11/10/2022 03:05,38,Zamboanga,No,,No,College grad,Medical Technology,Health Sciences,2018.0,,,,,,,Unemployed,,,0,,,,,,,,1,3,1,1,3,5,5,3,4,5,3,1,"Tableau, Tableau","Coming from a financially challenged background, I see this as a great opportunity to grow professionally and help others in the future."
08/27/2024 21:48,40,Iloilo,No,,No,College grad,Mathematics Education,Education,2012.0,,,,,44919.0,39919.0,Employed,Nurse,Engineering,4,,,,,,,,2,1,2,5,4,5,2,5,3,5,4,2,,"I believe in continuous learning, and this program will provide me with the necessary knowledge to improve my career prospects."
04/20/2018 12:20,23,Zamboanga,No,,No,College grad,Information Technology,IT,2016.0,,,,,,,Unemployed,,,0,,,,,,,,5,1,2,1,1,5,1,3,4,2,3,5,,"I believe in continuous learning, and this program will provide me with the necessary knowledge to improve my career prospects."
04/30/2024 21:17,32,Manila,No,,No,College grad,Political Science,Social Sciences,2022.0,,,,,45754.0,40754.0,Employed,Software Developer,Business,2,,,,,,,,5,5,2,1,5,1,5,3,3,1,4,1,"Python, Python, Tableau",I am passionate about data science and eager to learn. This scholarship will allow me to advance my career and contribute to my field.
03/08/2017 01:33,26,Davao,No,,No,College grad,Medical Technology,Health Sciences,2013.0,,,,,45085.0,40085.0,Employed,Data Analyst,Health Sciences,2,,,,,,,,4,1,1,1,5,1,5,4,4,5,1,3,"Microsoft Power BI, Microsoft Excel, SAS",I am passionate about data science and eager to learn. This scholarship will allow me to advance my career and contribute to my field.
05/12/2024 02:58,22,Cebu,No,,No,Postgrad,Business Administration,Business,2016.0,,,2027.0,Masters in Data Science,,,Unemployed,,,0,,,,,,,,5,4,1,1,2,5,3,1,3,1,4,4,,"Coming from a financially challenged background, I see this as a great opportunity to grow professionally and help others in the future."
05/09/2023 09:01,24,Bacolod,No,,No,College grad,Mechanical Engineering,Engineering,2021.0,,,,,37390.0,32390.0,Employed,Data Analyst,IT,5,,,,,,,,1,5,1,1,5,4,4,4,2,3,2,2,,"This training is a stepping stone for me to transition into data analysis, a field I have always been interested in."
04/18/2017 01:02,32,Cagayan de Oro,No,,No,College grad,Business Administration,Business,2017.0,,,,,,,Unemployed,,,0,,,,,,,,3,3,5,4,3,5,3,3,5,4,5,5,Stats,I am passionate about data science and eager to learn. This scholarship will allow me to advance my career and contribute to my field.
07/15/2024 03:52,39,Iloilo,No,,No,College grad,Education,Education,2010.0,,,,,,,Unemployed,,,4,,,,,,,,1,5,3,4,1,1,4,5,2,1,1,3,Tableau,"Coming from a financially challenged background, I see this as a great opportunity to grow professionally and help others in the future."
06/19/2017 10:32,38,Cagayan de Oro,No,,No,Postgrad,Medical Technology,Health Sciences,2016.0,,,2027.0,Masters in Data Science,31724.0,26724.0,Employed,Engineer,Business,2,,,,,,,,5,1,4,1,4,3,5,2,1,5,3,1,,"I believe in continuous learning, and this program will provide me with the necessary knowledge to improve my career prospects."
06/28/2017 19:54,33,Cagayan de Oro,No,,No,College grad,Accounting,Business,2016.0,,,,,,,Unemployed,,,3,,,,,,,,2,2,1,5,1,2,3,2,2,3,3,4,"eViews, Matlab, SPSS","With this opportunity, I can enhance my skills and use data-driven decision-making to help organizations grow."
10/28/2019 20:06,36,Cebu,No,,No,College grad,Pharmacy,Health Sciences,2019.0,,,,,,,Unemployed,,,3,,,,,,,,2,4,2,3,5,2,1,4,3,3,4,4,"SPSS, Matlab, eViews","With this opportunity, I can enhance my skills and use data-driven decision-making to help organizations grow."
08/23/2020 14:00,25,Cebu,No,,No,College grad,Sociology,Social Sciences,2023.0,,,,,27525.0,22525.0,Employed,Accountant,Social Sciences,4,,,,,,,,4,4,3,3,4,1,2,1,5,4,1,2,,"With this opportunity, I can enhance my skills and use data-driven decision-making to help organizations grow."
05/19/2024 03:47,21,Manila,No,,No,College grad,Business Administration,Business,2016.0,,,,,39001.0,34001.0,Employed,Nurse,Education,5,,,,,,,,4,3,5,4,2,2,1,1,2,4,1,5,"eViews, eViews, Microsoft Excel","Coming from a financially challenged background, I see this as a great opportunity to grow professionally and help others in the future."
09/25/2023 05:14,31,Iloilo,No,,No,College grad,Mechanical Engineering,Engineering,2021.0,,,,,26709.0,21709.0,Employed,Engineer,Engineering,3,,,,,,,,3,4,2,2,5,2,1,2,2,3,4,5,,"With this opportunity, I can enhance my skills and use data-driven decision-making to help organizations grow."
04/17/2024 00:16,36,Cebu,No,,No,College grad,Marketing,Business,2016.0,,,,,,,Unemployed,,,3,,,,,,,,2,5,4,3,3,3,2,2,3,4,4,5,"Microsoft Excel, eViews",I am passionate about data science and eager to learn. This scholarship will allow me to advance my career and contribute to my field.
01/06/2025 03:43,40,Iloilo,No,,No,College grad,Sociology,Social Sciences,2020.0,,,,,,,Unemployed,,,1,,,,,,,,3,2,1,2,3,1,1,3,1,2,4,2,,"I believe in continuous learning, and this program will provide me with the necessary knowledge to improve my career prospects."
06/01/2018 17:16,26,Zamboanga,No,,No,College grad,Medical Technology,Health Sciences,2017.0,,,,,36086.0,31086.0,Employed,Engineer,Social Sciences,3,,,,,,,,2,1,5,4,2,2,2,5,4,2,2,3,"Python, Java, Matlab","This training is a stepping stone for me to transition into data analysis, a field I have always been interested in."
09/12/2020 11:55,22,Quezon City,No,,No,College grad,Computer Science,IT,2017.0,,,,,42749.0,37749.0,Employed,Data Analyst,Engineering,2,,,,,,,,2,3,5,2,1,5,2,1,3,2,4,2,,I am passionate about data science and eager to learn. This scholarship will allow me to advance my career and contribute to my field.
09/30/2020 01:51,22,Zamboanga,No,,No,College grad,Political Science,Social Sciences,2010.0,,,,,,,Unemployed,,,3,,,,,,,,3,3,3,3,4,3,1,1,2,1,1,3,"SAS, Microsoft Power BI, Microsoft Power BI","Coming from a financially challenged background, I see this as a great opportunity to grow professionally and help others in the future."
09/19/2018 21:50,24,Zamboanga,No,,No,College grad,Pharmacy,Health Sciences,2019.0,,,,,,,Unemployed,,,2,,,,,,,,3,2,2,3,5,5,1,1,1,4,4,5,,"With this opportunity, I can enhance my skills and use data-driven decision-making to help organizations grow."
06/28/2023 10:05,39,Cebu,No,,No,College grad,Computer Science,IT,2014.0,,,,,,,Unemployed,,,4,,,,,,,,4,4,4,4,1,3,3,2,3,5,1,4,Microsoft Power BI,"This training is a stepping stone for me to transition into data analysis, a field I have always been interested in."
11/09/2019 22:13,40,Quezon City,No,,No,Postgrad,Mathematics Education,Education,2016.0,,,2026.0,Masters in Data Science,,,Unemployed,,,0,,,,,,,,1,1,1,3,1,5,5,1,5,5,1,3,"Matlab, Matlab","I believe in continuous learning, and this program will provide me with the necessary knowledge to improve my career prospects."
08/04/2022 07:15,37,Zamboanga,No,,No,Postgrad,Software Engineering,IT,2016.0,,,2026.0,Masters in Data Science,47516.0,42516.0,Employed,Teacher,Education,3,,,,,,,,2,4,5,4,1,5,3,5,1,1,2,3,"SPSS, Java","With this opportunity, I can enhance my skills and use data-driven decision-making to help organizations grow."
01/03/2024 22:01,31,Bacolod,No,,No,College grad,Medical Technology,Health Sciences,2016.0,,,,,43037.0,38037.0,Employed,Teacher,Education,3,,,,,,,,5,3,3,3,3,3,5,2,4,2,3,5,,I am passionate about data science and eager to learn. This scholarship will allow me to advance my career and contribute to my field.
10/26/2019 20:44,38,Baguio,No,,No,College grad,Mechanical Engineering,Engineering,2010.0,,,,,,,Unemployed,,,2,,,,,,,,5,2,5,5,2,3,3,4,4,3,4,4,,"Coming from a financially challenged background, I see this as a great opportunity to grow professionally and help others in the future."
11/25/2018 07:33,39,Davao,No,,No,Postgrad,Civil Engineering,Engineering,2016.0,,,2025.0,Masters in Data Science,,,Unemployed,,,4,,,,,,,,2,4,1,2,1,2,2,5,3,5,3,5,,"Coming from a financially challenged background, I see this as a great opportunity to grow professionally and help others in the future."
07/29/2024 08:57,40,Iloilo,No,,No,Postgrad,Political Science,Social Sciences,2016.0,,,2025.0,Masters in Data Science,35743.0,30743.0,Employed,Accountant,Social Sciences,2,,,,,,,,2,2,1,3,2,5,1,3,2,5,4,3,,"Coming from a financially challenged background, I see this as a great opportunity to grow professionally and help others in the future."
08/12/2021 03:49,33,Cagayan de Oro,No,,No,College grad,Accounting,Business,2022.0,,,,,44535.0,39535.0,Employed,Nurse,IT,4,,,,,,,,4,2,5,4,5,5,4,2,5,1,3,1,"Stats, Python, Stats","I believe in continuous learning, and this program will provide me with the necessary knowledge to improve my career prospects."
01/12/2020 07:30,35,Quezon City,No,,No,College grad,Education,Education,2020.0,,,,,,,Unemployed,,,5,,,,,,,,2,1,5,1,5,2,2,2,1,1,1,4,"Stats, eViews",I am passionate about data science and eager to learn. This scholarship will allow me to advance my career and contribute to my field.
01/25/2024 10:54,38,Davao,No,,No,College grad,Mechanical Engineering,Engineering,2016.0,,,,,39330.0,34330.0,Employed,Teacher,Engineering,2,,,,,,,,5,4,5,5,5,4,5,2,4,1,2,4,,I am passionate about data science and eager to learn. This scholarship will allow me to advance my career and contribute to my field.
09/01/2023 16:23,26,Makati,No,,No,College grad,Software Engineering,IT,2016.0,,,,,32169.0,27169.0,Employed,Accountant,Education,1,,,,,,,,3,5,1,3,2,2,5,4,3,3,3,3,,"This training is a stepping stone for me to transition into data analysis, a field I have always been interested in."
05/06/2019 15:36,27,Cebu,No,,No,College grad,Marketing,Business,2010.0,,,,,,,Unemployed,,,1,,,,,,,,2,2,2,5,3,5,5,4,1,4,3,4,SAS,I am passionate about data science and eager to learn. This scholarship will allow me to advance my career and contribute to my field.
03/06/2023 17:52,38,Cebu,No,,No,Postgrad,Early Childhood Education,Education,2016.0,,,2026.0,Masters in Data Science,,,Unemployed,,,2,,,,,,,,2,4,2,3,5,5,1,3,2,5,3,2,SPSS,"With this opportunity, I can enhance my skills and use data-driven decision-making to help organizations grow."
05/27/2022 02:46,26,Quezon City,No,,No,Postgrad,Medical Technology,Health Sciences,2016.0,,,2027.0,Masters in Data Science,28465.0,23465.0,Employed,Engineer,Business,3,,,,,,,,2,4,4,2,1,2,1,2,3,4,2,2,Matlab,"I believe in continuous learning, and this program will provide me with the necessary knowledge to improve my career prospects."
08/14/2023 08:49,28,Bacolod,No,,No,Postgrad,Business Administration,Business,2016.0,,,2024.0,Masters in Data Science,26567.0,21567.0,Employed,Accountant,Business,2,,,,,,,,5,3,1,5,5,2,5,4,3,4,5,2,,"This training is a stepping stone for me to transition into data analysis, a field I have always been interested in."
10/19/2018 03:31,24,Makati,No,,No,College grad,Sociology,Social Sciences,2010.0,,,,,,,Unemployed,,,3,,,,,,,,5,5,5,3,5,3,4,1,4,5,2,5,"SAS, Java","This training is a stepping stone for me to transition into data analysis, a field I have always been interested in."
01/24/2020 15:37,32,Iloilo,No,,No,Postgrad,Software Engineering,IT,2016.0,,,2027.0,Masters in Data Science,,,Unemployed,,,3,,,,,,,,5,1,2,2,5,5,4,1,2,1,5,2,"SAS, SQL, Stats","This training is a stepping stone for me to transition into data analysis, a field I have always been interested in."
11/26/2019 15:29,24,Quezon City,No,,No,College grad,Mechanical Engineering,Engineering,2023.0,,,,,33156.0,28156.0,Employed,Accountant,Business,0,,,,,,,,1,1,1,2,4,1,2,2,1,1,1,5,Microsoft Excel,"I believe in continuous learning, and this program will provide me with the necessary knowledge to improve my career prospects."
03/15/2024 16:43,30,Manila,No,,No,College grad,Information Technology,IT,2018.0,,,,,,,Unemployed,,,0,,,,,,,,3,4,4,1,3,1,3,3,4,2,2,2,,"Coming from a financially challenged background, I see this as a great opportunity to grow professionally and help others in the future."
11/09/2017 12:43,25,Cebu,No,,No,College grad,Medical Technology,Health Sciences,2018.0,,,,,,,Unemployed,,,4,,,,,,,,5,1,3,4,1,5,3,4,1,1,4,1,,"With this opportunity, I can enhance my skills and use data-driven decision-making to help organizations grow."
04/29/2022 05:04,33,Davao,No,,No,College grad,Information Technology,IT,2014.0,,,,,,,Unemployed,,,0,,,,,,,,3,4,1,3,1,5,2,3,4,5,1,1,"Microsoft Excel, Matlab, Python","This training is a stepping stone for me to transition into data analysis, a field I have always been interested in."
08/30/2024 23:39,27,Cagayan de Oro,No,,No,College grad,Software Engineering,IT,2010.0,,,,,36869.0,31869.0,Employed,Data Analyst,Education,5,,,,,,,,4,5,4,1,4,4,1,5,4,2,4,4,R,"Coming from a financially challenged background, I see this as a great opportunity to grow professionally and help others in the future."
10/31/2017 08:23,21,Cebu,No,,No,Postgrad,Medical Technology,Health Sciences,2016.0,,,2026.0,Masters in Data Science,33421.0,28421.0,Employed,Software Developer,IT,2,,,,,,,,3,1,4,5,5,1,4,3,2,4,5,3,"Java, Python, SQL","Coming from a financially challenged background, I see this as a great opportunity to grow professionally and help others in the future."
12/21/2020 06:56,20,Makati,No,,No,College grad,Medical Technology,Health Sciences,2013.0,,,,,,,Unemployed,,,0,,,,,,,,1,1,3,2,3,5,1,2,2,1,2,2,,"With this opportunity, I can enhance my skills and use data-driven decision-making to help organizations grow."
04/12/2020 03:26,27,Baguio,No,,No,Postgrad,Early Childhood Education,Education,2016.0,,,2024.0,Masters in Data Science,,,Unemployed,,,5,,,,,,,,2,3,1,2,4,5,2,1,4,1,2,2,,I am passionate about data science and eager to learn. This scholarship will allow me to advance my career and contribute to my field.
11/19/2017 19:43,21,Cebu,No,,No,College grad,Electrical Engineering,Engineering,2013.0,,,,,,,Unemployed,,,5,,,,,,,,5,5,3,3,5,1,1,5,4,2,2,2,"Stats, SAS, Tableau","Coming from a financially challenged background, I see this as a great opportunity to grow professionally and help others in the future."
02/01/2023 00:11,20,Manila,No,,No,College grad,Information Technology,IT,2020.0,,,,,,,Unemployed,,,0,,,,,,,,5,4,3,1,1,5,5,2,2,4,2,5,R,"This training is a stepping stone for me to transition into data analysis, a field I have always been interested in."
12/11/2023 12:47,27,Cagayan de Oro,No,,No,College grad,Medical Technology,Health Sciences,2018.0,,,,,30565.0,25565.0,Employed,Marketing Analyst,Health Sciences,4,,,,,,,,2,5,2,3,2,2,1,4,3,4,5,1,,"This training is a stepping stone for me to transition into data analysis, a field I have always been interested in."
05/28/2017 18:46,36,Manila,No,,No,College grad,Early Childhood Education,Education,2020.0,,,,,,,Unemployed,,,5,,,,,,,,1,1,5,2,1,3,5,1,2,3,5,2,,I am passionate about data science and eager to learn. This scholarship will allow me to advance my career and contribute to my field.
09/04/2020 05:34,37,Davao,No,,No,College grad,Mechanical Engineering,Engineering,2016.0,,,,,25109.0,20109.0,Employed,Nurse,Health Sciences,4,,,,,,,,3,3,3,3,1,5,5,2,5,1,3,3,,"This training is a stepping stone for me to transition into data analysis, a field I have always been interested in."
02/15/2018 15:26,39,Cebu,No,,No,College grad,Information Technology,IT,2018.0,,,,,,,Unemployed,,,4,,,,,,,,1,5,4,1,3,5,3,4,3,2,1,2,"Java, Stats, SQL","This training is a stepping stone for me to transition into data analysis, a field I have always been interested in."
05/09/2021 06:05,37,Zamboanga,No,,No,Postgrad,Accounting,Business,2016.0,,,2026.0,Masters in Data Science,,,Unemployed,,,0,,,,,,,,3,1,1,5,4,2,5,3,5,3,5,1,,I am passionate about data science and eager to learn. This scholarship will allow me to advance my career and contribute to my field.
01/30/2024 22:15,28,Cagayan de Oro,No,,No,College grad,Civil Engineering,Engineering,2016.0,,,,,43030.0,38030.0,Employed,Marketing Analyst,Education,2,,,,,,,,3,5,3,4,3,2,2,5,2,5,3,2,,"Coming from a financially challenged background, I see this as a great opportunity to grow professionally and help others in the future."
12/04/2021 23:31,38,Iloilo,No,,No,College grad,Business Administration,Business,2022.0,,,,,40115.0,35115.0,Employed,Accountant,Education,1,,,,,,,,5,3,3,1,4,3,2,5,1,3,2,5,"SQL, Stats, Stats",I am passionate about data science and eager to learn. This scholarship will allow me to advance my career and contribute to my field.
09/15/2018 12:39,23,Makati,No,,No,College grad,Political Science,Social Sciences,2017.0,,,,,31753.0,26753.0,Employed,Software Developer,IT,0,,,,,,,,3,5,3,2,2,3,2,1,5,2,5,5,,I am passionate about data science and eager to learn. This scholarship will allow me to advance my career and contribute to my field.
09/13/2020 01:00,30,Davao,No,,No,College grad,Early Childhood Education,Education,2010.0,,,,,,,Unemployed,,,1,,,,,,,,2,2,5,3,2,5,4,5,3,1,3,4,,I am passionate about data science and eager to learn. This scholarship will allow me to advance my career and contribute to my field.
09/11/2017 07:35,28,Quezon City,No,,No,College grad,Business Administration,Business,2018.0,,,,,41617.0,36617.0,Employed,Marketing Analyst,Education,1,,,,,,,,2,5,5,1,2,2,3,1,5,2,2,2,eViews,"Coming from a financially challenged background, I see this as a great opportunity to grow professionally and help others in the future."
02/01/2020 01:50,31,Makati,No,,No,College grad,Accounting,Business,2015.0,,,,,36980.0,31980.0,Employed,Accountant,Engineering,0,,,,,,,,4,1,5,5,2,3,2,3,1,4,2,1,,"I believe in continuous learning, and this program will provide me with the necessary knowledge to improve my career prospects."
06/14/2024 13:58,29,Manila,No,,No,College grad,Business Administration,Business,2014.0,,,,,39839.0,34839.0,Employed,Accountant,Engineering,5,,,,,,,,5,3,2,1,2,3,3,1,4,4,2,2,"Matlab, Matlab","With this opportunity, I can enhance my skills and use data-driven decision-making to help organizations grow."
08/05/2021 11:29,28,Davao,No,,No,College grad,Electrical Engineering,Engineering,2022.0,,,,,46708.0,41708.0,Employed,Teacher,Business,5,,,,,,,,1,3,1,3,5,2,4,1,4,1,3,2,"Tableau, Matlab","Coming from a financially challenged background, I see this as a great opportunity to grow professionally and help others in the future."
02/23/2020 16:20,38,Cebu,No,,No,College grad,Sociology,Social Sciences,2016.0,,,,,45484.0,40484.0,Employed,Teacher,Engineering,5,,,,,,,,1,3,1,1,2,3,3,3,2,4,2,3,,"Coming from a financially challenged background, I see this as a great opportunity to grow professionally and help others in the future."
07/10/2017 22:07,21,Davao,No,,No,College grad,Nursing,Health Sciences,2011.0,,,,,,,Unemployed,,,1,,,,,,,,3,4,4,4,1,2,5,1,4,2,3,5,"Matlab, SAS","I believe in continuous learning, and this program will provide me with the necessary knowledge to improve my career prospects."
04/19/2017 13:57,29,Iloilo,No,,No,College grad,Psychology,Social Sciences,2015.0,,,,,43272.0,38272.0,Employed,Software Developer,Social Sciences,0,,,,,,,,2,4,2,3,4,4,4,1,2,1,5,1,,"With this opportunity, I can enhance my skills and use data-driven decision-making to help organizations grow."
05/21/2019 00:33,21,Baguio,No,,No,College grad,Mathematics Education,Education,2010.0,,,,,30518.0,25518.0,Employed,Marketing Analyst,Business,0,,,,,,,,1,4,1,2,2,5,1,3,3,3,4,2,"R, SQL, Python","I believe in continuous learning, and this program will provide me with the necessary knowledge to improve my career prospects."
12/07/2018 19:08,34,Quezon City,No,,No,College grad,Marketing,Business,2013.0,,,,,,,Unemployed,,,0,,,,,,,,2,1,3,5,2,3,3,1,1,3,2,5,Stats,"With this opportunity, I can enhance my skills and use data-driven decision-making to help organizations grow."
07/03/2022 06:49,32,Cebu,No,,No,College grad,Mathematics Education,Education,2016.0,,,,,32493.0,27493.0,Employed,Software Developer,IT,5,,,,,,,,2,2,2,1,4,1,5,5,5,3,4,4,,"With this opportunity, I can enhance my skills and use data-driven decision-making to help organizations grow."
05/29/2023 01:11,40,Cebu,No,,No,College grad,Computer Science,IT,2012.0,,,,,31014.0,26014.0,Employed,Teacher,Health Sciences,4,,,,,,,,1,1,4,3,4,3,4,2,5,4,4,4,"Tableau, R",I am passionate about data science and eager to learn. This scholarship will allow me to advance my career and contribute to my field.
04/23/2018 18:08,25,Cagayan de Oro,No,,No,College grad,Political Science,Social Sciences,2011.0,,,,,,,Unemployed,,,1,,,,,,,,3,1,3,3,2,3,5,5,5,3,3,3,R,"This training is a stepping stone for me to transition into data analysis, a field I have always been interested in."
07/15/2017 14:46,30,Makati,No,,No,Postgrad,Political Science,Social Sciences,2016.0,,,2025.0,Masters in Data Science,,,Unemployed,,,3,,,,,,,,5,3,4,3,2,5,4,2,3,3,2,3,,"Coming from a financially challenged background, I see this as a great opportunity to grow professionally and help others in the future."
11/14/2023 15:53,28,Iloilo,No,,No,College grad,Accounting,Business,2012.0,,,,,,,Unemployed,,,0,,,,,,,,5,3,4,1,3,5,1,3,1,4,2,3,Stats,"With this opportunity, I can enhance my skills and use data-driven decision-making to help organizations grow."
08/19/2018 16:52,23,Davao,No,,No,College grad,Civil Engineering,Engineering,2016.0,,,,,48815.0,43815.0,Employed,Teacher,Education,0,,,,,,,,5,3,5,3,3,2,3,4,3,4,3,1,,"This training is a stepping stone for me to transition into data analysis, a field I have always been interested in."
09/16/2023 03:58,34,Cagayan de Oro,No,,No,College grad,Civil Engineering,Engineering,2014.0,,,,,31535.0,26535.0,Employed,Marketing Analyst,Social Sciences,5,,,,,,,,4,1,2,1,1,2,4,1,5,2,5,2,,"With this opportunity, I can enhance my skills and use data-driven decision-making to help organizations grow."
11/23/2022 13:42,27,Bacolod,No,,No,Postgrad,Nursing,Health Sciences,2016.0,,,2025.0,Masters in Data Science,,,Unemployed,,,5,,,,,,,,1,5,1,5,5,2,5,2,4,1,2,5,,"I believe in continuous learning, and this program will provide me with the necessary knowledge to improve my career prospects."
01/05/2025 17:13,30,Makati,No,,No,Postgrad,Computer Science,IT,2016.0,,,2027.0,Masters in Data Science,45210.0,40210.0,Employed,Marketing Analyst,Health Sciences,2,,,,,,,,1,1,5,3,1,4,5,3,2,5,2,4,,"With this opportunity, I can enhance my skills and use data-driven decision-making to help organizations grow."
12/27/2022 07:06,33,Zamboanga,No,,No,College grad,Political Science,Social Sciences,2012.0,,,,,,,Unemployed,,,1,,,,,,,,3,2,3,5,4,3,1,1,4,5,4,5,"Java, R","With this opportunity, I can enhance my skills and use data-driven decision-making to help organizations grow."
12/18/2020 16:05,31,Makati,No,,No,Postgrad,Early Childhood Education,Education,2016.0,,,2026.0,Masters in Data Science,,,Unemployed,,,5,,,,,,,,1,3,1,2,2,1,4,4,2,3,2,1,"Tableau, R","I believe in continuous learning, and this program will provide me with the necessary knowledge to improve my career prospects."
04/13/2019 23:43,23,Manila,No,,No,College grad,Medical Technology,Health Sciences,2014.0,,,,,,,Unemployed,,,1,,,,,,,,4,5,5,1,5,2,1,1,1,3,4,4,,"With this opportunity, I can enhance my skills and use data-driven decision-making to help organizations grow."
12/31/2020 22:11,38,Baguio,No,,No,College grad,Accounting,Business,2022.0,,,,,,,Unemployed,,,0,,,,,,,,1,3,3,5,3,5,1,1,5,3,3,3,,I am passionate about data science and eager to learn. This scholarship will allow me to advance my career and contribute to my field.
12/04/2020 18:07,38,Cagayan de Oro,No,,No,College grad,Civil Engineering,Engineering,2021.0,,,,,33333.0,28333.0,Employed,Software Developer,Education,3,,,,,,,,1,2,5,1,3,1,1,4,2,1,4,5,,I am passionate about data science and eager to learn. This scholarship will allow me to advance my career and contribute to my field.
10/18/2019 16:11,34,Cagayan de Oro,No,,No,College grad,Education,Education,2020.0,,,,,,,Unemployed,,,4,,,,,,,,1,3,2,3,5,3,3,3,5,1,1,2,,"Coming from a financially challenged background, I see this as a great opportunity to grow professionally and help others in the future."
11/01/2017 20:33,39,Cebu,No,,No,College grad,Sociology,Social Sciences,2023.0,,,,,,,Unemployed,,,0,,,,,,,,5,1,3,4,1,5,3,5,1,5,2,1,,I am passionate about data science and eager to learn. This scholarship will allow me to advance my career and contribute to my field.
12/27/2022 07:02,29,Makati,No,,No,College grad,Marketing,Business,2019.0,,,,,,,Unemployed,,,2,,,,,,,,4,4,5,5,5,3,3,4,2,1,2,4,,"I believe in continuous learning, and this program will provide me with the necessary knowledge to improve my career prospects."
02/24/2024 15:13,27,Makati,No,,No,College grad,Civil Engineering,Engineering,2020.0,,,,,25527.0,20527.0,Employed,Nurse,Education,5,,,,,,,,1,3,4,1,3,2,4,2,5,3,2,1,,I am passionate about data science and eager to learn. This scholarship will allow me to advance my career and contribute to my field.
02/20/2017 04:34,25,Cebu,No,,No,College grad,Psychology,Social Sciences,2020.0,,,,,31415.0,26415.0,Employed,Engineer,Education,2,,,,,,,,2,1,2,4,4,3,3,3,5,1,3,3,"SQL, R, R","With this opportunity, I can enhance my skills and use data-driven decision-making to help organizations grow."
06/03/2022 07:36,30,Bacolod,No,,No,College grad,Pharmacy,Health Sciences,2019.0,,,,,,,Unemployed,,,5,,,,,,,,2,5,1,3,3,1,1,1,4,5,5,5,,"Coming from a financially challenged background, I see this as a great opportunity to grow professionally and help others in the future."
04/14/2020 10:44,38,Davao,No,,No,College grad,Electrical Engineering,Engineering,2012.0,,,,,,,Unemployed,,,3,,,,,,,,4,3,5,1,2,4,3,3,5,4,4,1,,I am passionate about data science and eager to learn. This scholarship will allow me to advance my career and contribute to my field.
01/01/2018 21:36,24,Quezon City,No,,No,College grad,Business Administration,Business,2016.0,,,,,,,Unemployed,,,1,,,,,,,,1,2,2,5,1,1,3,4,5,5,5,3,"SQL, SQL","With this opportunity, I can enhance my skills and use data-driven decision-making to help organizations grow."
06/26/2020 21:02,30,Manila,No,,No,Postgrad,Political Science,Social Sciences,2016.0,,,2026.0,Masters in Data Science,,,Unemployed,,,4,,,,,,,,1,5,3,2,1,2,4,2,2,5,2,3,SQL,"With this opportunity, I can enhance my skills and use data-driven decision-making to help organizations grow."
03/02/2017 11:13,23,Bacolod,No,,No,College grad,Mathematics Education,Education,2014.0,,,,,32316.0,27316.0,Employed,Nurse,Business,5,,,,,,,,5,1,5,4,2,1,1,4,2,2,2,4,"eViews, Stats","With this opportunity, I can enhance my skills and use data-driven decision-making to help organizations grow."
10/30/2018 06:10,35,Makati,No,,No,College grad,Civil Engineering,Engineering,2018.0,,,,,40970.0,35970.0,Employed,Data Analyst,Education,5,,,,,,,,4,4,1,1,5,4,3,5,2,4,2,5,,"This training is a stepping stone for me to transition into data analysis, a field I have always been interested in."
06/10/2019 21:20,25,Cebu,No,,No,College grad,Marketing,Business,2018.0,,,,,,,Unemployed,,,2,,,,,,,,4,5,2,2,1,3,5,2,2,1,3,1,,I am passionate about data science and eager to learn. This scholarship will allow me to advance my career and contribute to my field.
09/25/2020 10:33,22,Zamboanga,No,,No,Postgrad,Nursing,Health Sciences,2016.0,,,2026.0,Masters in Data Science,,,Unemployed,,,3,,,,,,,,2,2,3,4,4,4,4,1,1,3,1,5,,"This training is a stepping stone for me to transition into data analysis, a field I have always been interested in."
02/23/2018 09:56,32,Makati,No,,No,College grad,Information Technology,IT,2012.0,,,,,25530.0,20530.0,Employed,Data Analyst,Business,4,,,,,,,,1,2,5,1,1,1,1,1,1,3,1,4,,I am passionate about data science and eager to learn. This scholarship will allow me to advance my career and contribute to my field.
04/19/2022 10:54,29,Cebu,No,,No,College grad,Mechanical Engineering,Engineering,2011.0,,,,,,,Unemployed,,,3,,,,,,,,4,5,4,1,3,5,3,4,2,2,4,2,,I am passionate about data science and eager to learn. This scholarship will allow me to advance my career and contribute to my field.
08/10/2017 20:11,23,Zamboanga,No,,No,College grad,Sociology,Social Sciences,2012.0,,,,,,,Unemployed,,,1,,,,,,,,5,3,4,3,4,2,4,4,4,1,5,4,"eViews, Microsoft Power BI, Python","Coming from a financially challenged background, I see this as a great opportunity to grow professionally and help others in the future."
04/09/2021 08:51,34,Davao,No,,No,College grad,Business Administration,Business,2019.0,,,,,48405.0,43405.0,Employed,Marketing Analyst,Business,2,,,,,,,,3,1,4,3,3,2,2,5,4,2,4,5,,I am passionate about data science and eager to learn. This scholarship will allow me to advance my career and contribute to my field.
11/11/2021 16:22,29,Zamboanga,No,,No,College grad,Business Administration,Business,2014.0,,,,,38755.0,33755.0,Employed,Engineer,Health Sciences,1,,,,,,,,5,3,4,2,1,2,5,3,2,4,2,4,,"With this opportunity, I can enhance my skills and use data-driven decision-making to help organizations grow."
05/26/2021 13:07,20,Quezon City,No,,No,College grad,Medical Technology,Health Sciences,2019.0,,,,,38424.0,33424.0,Employed,Software Developer,Education,1,,,,,,,,2,2,1,1,1,4,3,4,5,2,5,3,,"With this opportunity, I can enhance my skills and use data-driven decision-making to help organizations grow."
02/27/2020 07:37,40,Bacolod,No,,No,Postgrad,Mathematics Education,Education,2016.0,,,2024.0,Masters in Data Science,,,Unemployed,,,5,,,,,,,,5,5,2,3,4,2,1,1,5,5,5,5,,"Coming from a financially challenged background, I see this as a great opportunity to grow professionally and help others in the future."
10/17/2021 15:05,36,Davao,No,,No,College grad,Mathematics Education,Education,2011.0,,,,,,,Unemployed,,,1,,,,,,,,4,2,1,1,1,3,2,4,2,5,3,2,,"I believe in continuous learning, and this program will provide me with the necessary knowledge to improve my career prospects."
08/12/2017 11:35,32,Davao,No,,No,College grad,Mathematics Education,Education,2016.0,,,,,,,Unemployed,,,0,,,,,,,,2,4,2,4,3,5,2,2,4,1,2,1,Microsoft Power BI,"Coming from a financially challenged background, I see this as a great opportunity to grow professionally and help others in the future."
06/22/2019 18:17,34,Davao,No,,No,Postgrad,Accounting,Business,2016.0,,,2025.0,Masters in Data Science,,,Unemployed,,,1,,,,,,,,4,2,1,1,1,3,5,4,2,5,5,3,,"This training is a stepping stone for me to transition into data analysis, a field I have always been interested in."
08/05/2019 20:22,27,Makati,No,,No,Postgrad,Nursing,Health Sciences,2016.0,,,2025.0,Masters in Data Science,32329.0,27329.0,Employed,Nurse,Education,2,,,,,,,,3,3,2,5,4,4,1,1,5,3,1,5,,"Coming from a financially challenged background, I see this as a great opportunity to grow professionally and help others in the future."
11/17/2017 09:05,24,Baguio,No,,No,College grad,Medical Technology,Health Sciences,2023.0,,,,,,,Unemployed,,,4,,,,,,,,5,3,2,1,3,1,3,3,5,2,5,3,"Microsoft Power BI, Tableau, SPSS","This training is a stepping stone for me to transition into data analysis, a field I have always been interested in."
01/07/2025 10:24,35,Bacolod,No,,No,College grad,Mathematics Education,Education,2017.0,,,,,25313.0,20313.0,Employed,Engineer,Health Sciences,4,,,,,,,,3,2,3,4,2,2,3,4,4,3,1,1,Microsoft Excel,"This training is a stepping stone for me to transition into data analysis, a field I have always been interested in."
02/11/2019 01:56,31,Cagayan de Oro,No,,No,College grad,Nursing,Health Sciences,2022.0,,,,,,,Unemployed,,,1,,,,,,,,3,2,4,3,3,2,4,2,2,5,1,4,,"With this opportunity, I can enhance my skills and use data-driven decision-making to help organizations grow."
01/16/2024 04:15,27,Zamboanga,No,,No,Postgrad,Marketing,Business,2016.0,,,2024.0,Masters in Data Science,,,Unemployed,,,0,,,,,,,,4,2,2,1,2,4,4,3,2,4,5,5,,"I believe in continuous learning, and this program will provide me with the necessary knowledge to improve my career prospects."
03/01/2018 01:18,22,Baguio,No,,No,College grad,Psychology,Social Sciences,2010.0,,,,,34893.0,29893.0,Employed,Teacher,Social Sciences,5,,,,,,,,4,5,1,2,2,1,5,2,4,5,1,3,,"I believe in continuous learning, and this program will provide me with the necessary knowledge to improve my career prospects."
09/20/2024 20:50,25,Quezon City,No,,No,Postgrad,Software Engineering,IT,2016.0,,,2024.0,Masters in Data Science,28513.0,23513.0,Employed,Engineer,Education,0,,,,,,,,1,4,4,5,4,1,5,4,2,1,4,1,,"Coming from a financially challenged background, I see this as a great opportunity to grow professionally and help others in the future."
10/08/2017 05:25,25,Cagayan de Oro,No,,No,College grad,Mathematics Education,Education,2019.0,,,,,,,Unemployed,,,3,,,,,,,,4,2,4,5,5,4,1,1,2,1,2,3,,"I believe in continuous learning, and this program will provide me with the necessary knowledge to improve my career prospects."
11/19/2021 08:00,23,Baguio,No,,No,College grad,Pharmacy,Health Sciences,2023.0,,,,,,,Unemployed,,,4,,,,,,,,1,5,5,3,1,5,3,5,3,4,3,2,"SQL, SQL","I believe in continuous learning, and this program will provide me with the necessary knowledge to improve my career prospects."
05/31/2018 12:44,23,Bacolod,No,,No,College grad,Pharmacy,Health Sciences,2014.0,,,,,45772.0,40772.0,Employed,Accountant,Business,3,,,,,,,,3,3,3,4,5,1,5,1,2,1,5,3,,"Coming from a financially challenged background, I see this as a great opportunity to grow professionally and help others in the future."
09/06/2023 18:37,31,Zamboanga,No,,No,College grad,Sociology,Social Sciences,2013.0,,,,,,,Unemployed,,,2,,,,,,,,5,4,1,5,4,3,4,4,2,1,3,3,,"With this opportunity, I can enhance my skills and use data-driven decision-making to help organizations grow."
10/04/2020 16:33,20,Bacolod,No,,No,College grad,Accounting,Business,2014.0,,,,,27201.0,22201.0,Employed,Nurse,IT,1,,,,,,,,1,2,3,1,2,4,3,2,5,2,3,2,"Python, Tableau, Matlab","With this opportunity, I can enhance my skills and use data-driven decision-making to help organizations grow."
05/08/2021 11:29,27,Cebu,No,,No,Postgrad,Mechanical Engineering,Engineering,2016.0,,,2026.0,Masters in Data Science,,,Unemployed,,,1,,,,,,,,3,3,5,3,2,4,2,5,3,2,2,1,,"Coming from a financially challenged background, I see this as a great opportunity to grow professionally and help others in the future."
11/30/2024 12:31,20,Baguio,No,,No,College grad,Political Science,Social Sciences,2019.0,,,,,37536.0,32536.0,Employed,Teacher,Engineering,2,,,,,,,,3,2,3,4,5,5,3,5,3,1,2,3,"SQL, SPSS, Tableau",I am passionate about data science and eager to learn. This scholarship will allow me to advance my career and contribute to my field.
04/18/2018 16:28,27,Manila,No,,No,Postgrad,Pharmacy,Health Sciences,2016.0,,,2026.0,Masters in Data Science,33413.0,28413.0,Employed,Accountant,Business,4,,,,,,,,3,2,5,1,3,1,4,4,3,3,5,1,eViews,"Coming from a financially challenged background, I see this as a great opportunity to grow professionally and help others in the future."
07/05/2024 11:40,30,Zamboanga,No,,No,College grad,Education,Education,2017.0,,,,,34011.0,29011.0,Employed,Software Developer,Education,2,,,,,,,,2,5,1,1,3,1,5,5,4,4,1,4,,"I believe in continuous learning, and this program will provide me with the necessary knowledge to improve my career prospects."
07/12/2020 04:22,25,Manila,No,,No,Postgrad,Mechanical Engineering,Engineering,2016.0,,,2027.0,Masters in Data Science,,,Unemployed,,,4,,,,,,,,1,3,4,3,1,1,3,5,1,1,4,4,,I am passionate about data science and eager to learn. This scholarship will allow me to advance my career and contribute to my field.
01/02/2022 21:31,38,Bacolod,No,,No,Postgrad,Business Administration,Business,2016.0,,,2026.0,Masters in Data Science,25676.0,20676.0,Employed,Teacher,IT,2,,,,,,,,2,5,4,1,2,2,3,3,4,2,2,3,,"I believe in continuous learning, and this program will provide me with the necessary knowledge to improve my career prospects."
04/22/2020 19:53,25,Iloilo,No,,No,College grad,Accounting,Business,2012.0,,,,,30515.0,25515.0,Employed,Data Analyst,IT,1,,,,,,,,2,4,3,1,4,5,4,1,1,3,1,4,,"Coming from a financially challenged background, I see this as a great opportunity to grow professionally and help others in the future."
08/12/2022 20:25,39,Makati,No,,No,College grad,Business Administration,Business,2021.0,,,,,,,Unemployed,,,1,,,,,,,,2,3,4,3,4,5,1,2,4,1,2,3,,"Coming from a financially challenged background, I see this as a great opportunity to grow professionally and help others in the future."
09/16/2017 00:57,23,Baguio,No,,No,College grad,Political Science,Social Sciences,2016.0,,,,,39996.0,34996.0,Employed,Engineer,Education,1,,,,,,,,3,5,2,1,1,5,5,4,5,5,2,5,,"Coming from a financially challenged background, I see this as a great opportunity to grow professionally and help others in the future."
11/06/2021 11:03,37,Bacolod,No,,No,College grad,Marketing,Business,2017.0,,,,,,,Unemployed,,,0,,,,,,,,4,2,4,2,3,1,3,2,3,4,4,1,"Microsoft Excel, eViews, R","This training is a stepping stone for me to transition into data analysis, a field I have always been interested in."
12/22/2018 16:00,29,Bacolod,No,,No,College grad,Nursing,Health Sciences,2010.0,,,,,,,Unemployed,,,1,,,,,,,,2,2,1,2,1,5,4,5,1,2,3,3,"SPSS, SPSS","I believe in continuous learning, and this program will provide me with the necessary knowledge to improve my career prospects."
12/23/2022 17:06,40,Cagayan de Oro,No,,No,Postgrad,Accounting,Business,2016.0,,,2024.0,Masters in Data Science,,,Unemployed,,,3,,,,,,,,1,5,2,4,5,5,4,1,1,5,5,2,SAS,"With this opportunity, I can enhance my skills and use data-driven decision-making to help organizations grow."
07/27/2024 13:02,39,Cebu,No,,No,College grad,Sociology,Social Sciences,2013.0,,,,,48239.0,43239.0,Employed,Nurse,Health Sciences,3,,,,,,,,1,4,2,3,2,5,2,5,3,1,3,3,Microsoft Excel,"With this opportunity, I can enhance my skills and use data-driven decision-making to help organizations grow."
04/15/2024 05:09,20,Quezon City,No,,No,Postgrad,Information Technology,IT,2016.0,,,2024.0,Masters in Data Science,,,Unemployed,,,4,,,,,,,,4,4,2,5,3,5,1,5,4,2,1,3,"SQL, Java",I am passionate about data science and eager to learn. This scholarship will allow me to advance my career and contribute to my field.
03/02/2022 16:08,20,Cagayan de Oro,No,,No,College grad,Pharmacy,Health Sciences,2022.0,,,,,,,Unemployed,,,0,,,,,,,,4,1,4,2,3,2,3,1,5,2,4,4,"eViews, Microsoft Power BI, SAS",I am passionate about data science and eager to learn. This scholarship will allow me to advance my career and contribute to my field.
08/03/2017 17:01,35,Manila,No,,No,Postgrad,Civil Engineering,Engineering,2016.0,,,2027.0,Masters in Data Science,,,Unemployed,,,1,,,,,,,,1,5,5,1,2,4,5,1,4,2,2,1,,I am passionate about data science and eager to learn. This scholarship will allow me to advance my career and contribute to my field.
07/11/2017 09:45,32,Makati,No,,No,College grad,Software Engineering,IT,2012.0,,,,,,,Unemployed,,,5,,,,,,,,3,1,2,3,4,2,3,3,2,1,2,2,,"This training is a stepping stone for me to transition into data analysis, a field I have always been interested in."
04/07/2022 05:53,37,Iloilo,No,,No,Postgrad,Marketing,Business,2016.0,,,2027.0,Masters in Data Science,28278.0,23278.0,Employed,Marketing Analyst,Social Sciences,1,,,,,,,,2,4,3,3,5,2,1,4,5,2,1,5,,"I believe in continuous learning, and this program will provide me with the necessary knowledge to improve my career prospects."
09/17/2022 06:17,28,Zamboanga,No,,No,College grad,Psychology,Social Sciences,2019.0,,,,,29396.0,24396.0,Employed,Nurse,Social Sciences,5,,,,,,,,3,2,1,4,4,5,1,1,5,3,1,3,,"This training is a stepping stone for me to transition into data analysis, a field I have always been interested in."
06/03/2018 15:08,26,Baguio,No,,No,Postgrad,Mathematics Education,Education,2016.0,,,2027.0,Masters in Data Science,45068.0,40068.0,Employed,Software Developer,Engineering,0,,,,,,,,3,2,1,4,2,4,5,1,2,5,2,4,"SQL, eViews","I believe in continuous learning, and this program will provide me with the necessary knowledge to improve my career prospects."
07/25/2021 03:20,26,Makati,No,,No,College grad,Mechanical Engineering,Engineering,2023.0,,,,,,,Unemployed,,,5,,,,,,,,1,4,2,1,3,4,5,4,4,4,3,4,,I am passionate about data science and eager to learn. This scholarship will allow me to advance my career and contribute to my field.
04/20/2022 09:12,29,Baguio,No,,No,College grad,Marketing,Business,2015.0,,,,,,,Unemployed,,,3,,,,,,,,1,5,2,1,1,5,4,1,2,4,3,4,SAS,"I believe in continuous learning, and this program will provide me with the necessary knowledge to improve my career prospects."
11/06/2023 17:33,27,Zamboanga,No,,No,College grad,Business Administration,Business,2022.0,,,,,,,Unemployed,,,2,,,,,,,,3,2,4,1,2,2,3,3,4,1,5,2,,"This training is a stepping stone for me to transition into data analysis, a field I have always been interested in."
10/10/2023 02:54,35,Davao,No,,No,College grad,Information Technology,IT,2011.0,,,,,41569.0,36569.0,Employed,Accountant,Business,1,,,,,,,,4,5,5,5,3,3,3,5,5,4,5,2,,"This training is a stepping stone for me to transition into data analysis, a field I have always been interested in."
02/24/2023 16:05,20,Baguio,No,,No,College grad,Early Childhood Education,Education,2014.0,,,,,48390.0,43390.0,Employed,Data Analyst,Engineering,1,,,,,,,,1,2,1,4,3,2,5,3,5,1,4,3,,"Coming from a financially challenged background, I see this as a great opportunity to grow professionally and help others in the future."
05/06/2022 08:07,26,Iloilo,No,,No,College grad,Electrical Engineering,Engineering,2018.0,,,,,46705.0,41705.0,Employed,Engineer,IT,2,,,,,,,,3,4,5,4,4,3,4,4,1,5,4,5,,"I believe in continuous learning, and this program will provide me with the necessary knowledge to improve my career prospects."
03/03/2024 19:06,39,Baguio,No,,No,College grad,Electrical Engineering,Engineering,2011.0,,,,,28280.0,23280.0,Employed,Engineer,IT,5,,,,,,,,3,1,4,2,1,2,5,5,3,4,3,3,,"With this opportunity, I can enhance my skills and use data-driven decision-making to help organizations grow."
05/26/2019 17:05,25,Baguio,No,,No,College grad,Education,Education,2019.0,,,,,,,Unemployed,,,3,,,,,,,,3,1,5,4,1,1,1,4,5,2,2,4,,"Coming from a financially challenged background, I see this as a great opportunity to grow professionally and help others in the future."
10/17/2022 04:51,40,Zamboanga,No,,No,Postgrad,Early Childhood Education,Education,2016.0,,,2024.0,Masters in Data Science,45937.0,40937.0,Employed,Accountant,Business,0,,,,,,,,4,1,4,3,2,4,4,3,5,2,3,4,,"I believe in continuous learning, and this program will provide me with the necessary knowledge to improve my career prospects."
10/20/2024 12:33,27,Zamboanga,No,,No,College grad,Medical Technology,Health Sciences,2016.0,,,,,34089.0,29089.0,Employed,Data Analyst,IT,2,,,,,,,,3,3,5,1,5,1,5,3,1,5,5,1,,"I believe in continuous learning, and this program will provide me with the necessary knowledge to improve my career prospects."
10/11/2019 01:44,26,Bacolod,No,,No,College grad,Civil Engineering,Engineering,2022.0,,,,,,,Unemployed,,,4,,,,,,,,1,5,5,2,2,2,5,4,4,3,5,2,,"With this opportunity, I can enhance my skills and use data-driven decision-making to help organizations grow."
07/02/2017 13:30,31,Makati,No,,No,College grad,Civil Engineering,Engineering,2017.0,,,,,,,Unemployed,,,1,,,,,,,,5,5,1,1,4,4,2,2,2,5,2,4,"Stats, Tableau","Coming from a financially challenged background, I see this as a great opportunity to grow professionally and help others in the future."
05/22/2019 23:30,37,Bacolod,No,,No,College grad,Computer Science,IT,2019.0,,,,,,,Unemployed,,,5,,,,,,,,2,4,1,1,3,4,3,2,4,4,2,3,"Tableau, Microsoft Excel, eViews",I am passionate about data science and eager to learn. This scholarship will allow me to advance my career and contribute to my field.
01/09/2021 09:55,35,Bacolod,No,,No,Postgrad,Software Engineering,IT,2016.0,,,2026.0,Masters in Data Science,40546.0,35546.0,Employed,Software Developer,IT,0,,,,,,,,4,3,2,3,2,4,3,5,3,1,3,2,"Matlab, Microsoft Power BI","Coming from a financially challenged background, I see this as a great opportunity to grow professionally and help others in the future."
10/10/2021 13:27,32,Cebu,No,,No,Postgrad,Electrical Engineering,Engineering,2016.0,,,2024.0,Masters in Data Science,,,Unemployed,,,1,,,,,,,,3,5,2,2,3,5,3,3,5,2,2,5,,"With this opportunity, I can enhance my skills and use data-driven decision-making to help organizations grow."
08/10/2023 22:00,36,Manila,No,,No,College grad,Mechanical Engineering,Engineering,2023.0,,,,,,,Unemployed,,,2,,,,,,,,3,3,1,1,4,2,2,4,3,3,2,3,,"With this opportunity, I can enhance my skills and use data-driven decision-making to help organizations grow."
09/11/2021 01:18,20,Manila,No,,No,College grad,Medical Technology,Health Sciences,2011.0,,,,,,,Unemployed,,,0,,,,,,,,2,3,2,3,5,2,5,3,5,3,5,2,"Java, Tableau",I am passionate about data science and eager to learn. This scholarship will allow me to advance my career and contribute to my field.
09/06/2021 00:36,27,Cebu,No,,No,College grad,Psychology,Social Sciences,2012.0,,,,,,,Unemployed,,,5,,,,,,,,2,5,2,1,5,3,4,1,3,1,4,4,Tableau,"I believe in continuous learning, and this program will provide me with the necessary knowledge to improve my career prospects."
02/09/2021 17:43,28,Quezon City,No,,No,College grad,Sociology,Social Sciences,2016.0,,,,,,,Unemployed,,,1,,,,,,,,2,5,3,4,5,5,1,3,2,2,3,5,,"This training is a stepping stone for me to transition into data analysis, a field I have always been interested in."
12/08/2024 09:33,38,Bacolod,No,,No,College grad,Medical Technology,Health Sciences,2014.0,,,,,27258.0,22258.0,Employed,Software Developer,Engineering,1,,,,,,,,3,5,3,1,1,4,5,4,1,1,4,3,"SAS, Java","This training is a stepping stone for me to transition into data analysis, a field I have always been interested in."
06/14/2022 17:36,24,Manila,No,,No,Postgrad,Software Engineering,IT,2016.0,,,2026.0,Masters in Data Science,,,Unemployed,,,2,,,,,,,,5,4,2,3,5,5,5,1,5,1,3,5,"Microsoft Excel, SQL, SAS","With this opportunity, I can enhance my skills and use data-driven decision-making to help organizations grow."
07/17/2020 01:41,30,Baguio,No,,No,College grad,Civil Engineering,Engineering,2013.0,,,,,25315.0,20315.0,Employed,Engineer,IT,2,,,,,,,,4,1,3,3,2,2,2,2,3,5,3,2,,"Coming from a financially challenged background, I see this as a great opportunity to grow professionally and help others in the future."
12/15/2019 12:57,40,Cagayan de Oro,No,,No,Postgrad,Marketing,Business,2016.0,,,2026.0,Masters in Data Science,,,Unemployed,,,4,,,,,,,,4,4,4,3,2,1,3,3,4,1,1,2,,"I believe in continuous learning, and this program will provide me with the necessary knowledge to improve my career prospects."
07/21/2021 08:25,37,Cebu,No,,No,College grad,Civil Engineering,Engineering,2023.0,,,,,,,Unemployed,,,2,,,,,,,,2,2,2,2,1,2,4,2,1,2,1,4,Java,"With this opportunity, I can enhance my skills and use data-driven decision-making to help organizations grow."
09/06/2019 01:58,31,Iloilo,No,,No,College grad,Computer Science,IT,2012.0,,,,,,,Unemployed,,,4,,,,,,,,5,5,4,4,3,4,1,1,3,2,1,4,,I am passionate about data science and eager to learn. This scholarship will allow me to advance my career and contribute to my field.
09/11/2024 21:58,38,Manila,No,,No,College grad,Business Administration,Business,2021.0,,,,,,,Unemployed,,,5,,,,,,,,3,1,4,2,5,2,5,2,2,1,5,3,,"I believe in continuous learning, and this program will provide me with the necessary knowledge to improve my career prospects."
02/26/2021 23:30,34,Quezon City,No,,No,College grad,Accounting,Business,2019.0,,,,,29615.0,24615.0,Employed,Teacher,Social Sciences,0,,,,,,,,4,5,3,4,1,3,5,4,1,1,2,1,,I am passionate about data science and eager to learn. This scholarship will allow me to advance my career and contribute to my field.
09/22/2018 12:50,22,Cagayan de Oro,No,,No,Postgrad,Nursing,Health Sciences,2016.0,,,2024.0,Masters in Data Science,33493.0,28493.0,Employed,Marketing Analyst,Social Sciences,0,,,,,,,,5,1,2,1,4,4,3,1,2,1,1,3,,"I believe in continuous learning, and this program will provide me with the necessary knowledge to improve my career prospects."
10/04/2019 14:58,21,Makati,No,,No,College grad,Information Technology,IT,2017.0,,,,,,,Unemployed,,,5,,,,,,,,4,3,1,4,5,3,2,3,2,2,4,5,"Tableau, Tableau","I believe in continuous learning, and this program will provide me with the necessary knowledge to improve my career prospects."
01/12/2022 14:52,27,Davao,No,,No,Postgrad,Mechanical Engineering,Engineering,2016.0,,,2026.0,Masters in Data Science,32896.0,27896.0,Employed,Data Analyst,Business,1,,,,,,,,5,1,4,1,3,5,3,5,4,2,1,4,,I am passionate about data science and eager to learn. This scholarship will allow me to advance my career and contribute to my field.
05/18/2020 17:44,29,Quezon City,No,,No,College grad,Computer Science,IT,2018.0,,,,,39712.0,34712.0,Employed,Teacher,Health Sciences,0,,,,,,,,4,3,2,1,1,2,2,2,2,4,3,4,"Java, Stats, SAS","With this opportunity, I can enhance my skills and use data-driven decision-making to help organizations grow."
03/05/2021 18:47,32,Bacolod,No,,No,College grad,Mechanical Engineering,Engineering,2023.0,,,,,,,Unemployed,,,3,,,,,,,,3,4,2,3,3,1,1,4,3,3,1,3,"Stats, R, SAS","This training is a stepping stone for me to transition into data analysis, a field I have always been interested in."
09/13/2024 18:21,27,Makati,No,,No,College grad,Software Engineering,IT,2018.0,,,,,,,Unemployed,,,1,,,,,,,,2,2,3,4,5,4,3,2,5,4,2,1,"R, SQL, Microsoft Power BI","With this opportunity, I can enhance my skills and use data-driven decision-making to help organizations grow."
10/19/2021 10:38,37,Davao,No,,No,College grad,Marketing,Business,2014.0,,,,,49902.0,44902.0,Employed,Data Analyst,Education,4,,,,,,,,5,3,1,4,2,2,3,4,3,2,3,4,"Java, Python",I am passionate about data science and eager to learn. This scholarship will allow me to advance my career and contribute to my field.
01/02/2024 23:14,20,Bacolod,No,,No,College grad,Business Administration,Business,2016.0,,,,,44856.0,39856.0,Employed,Teacher,Business,0,,,,,,,,5,5,1,3,1,3,2,1,1,3,1,1,"Matlab, Python",I am passionate about data science and eager to learn. This scholarship will allow me to advance my career and contribute to my field.
08/25/2023 14:11,37,Zamboanga,No,,No,College grad,Nursing,Health Sciences,2018.0,,,,,28645.0,23645.0,Employed,Engineer,Education,5,,,,,,,,5,3,4,5,4,3,1,1,4,4,3,4,,"Coming from a financially challenged background, I see this as a great opportunity to grow professionally and help others in the future."
06/30/2018 08:37,30,Manila,No,,No,College grad,Electrical Engineering,Engineering,2018.0,,,,,41331.0,36331.0,Employed,Teacher,IT,2,,,,,,,,3,3,2,4,2,5,1,1,5,2,1,4,,"With this opportunity, I can enhance my skills and use data-driven decision-making to help organizations grow."
04/08/2021 10:26,28,Bacolod,No,,No,College grad,Civil Engineering,Engineering,2013.0,,,,,39773.0,34773.0,Employed,Nurse,Business,5,,,,,,,,2,1,2,3,5,2,5,1,2,1,3,2,Tableau,"With this opportunity, I can enhance my skills and use data-driven decision-making to help organizations grow."
02/21/2017 10:20,22,Cebu,No,,No,College grad,Psychology,Social Sciences,2022.0,,,,,,,Unemployed,,,0,,,,,,,,2,1,4,4,4,4,3,1,1,1,3,5,,"Coming from a financially challenged background, I see this as a great opportunity to grow professionally and help others in the future."
03/18/2022 05:17,27,Bacolod,No,,No,College grad,Education,Education,2016.0,,,,,41833.0,36833.0,Employed,Engineer,IT,4,,,,,,,,4,2,3,4,5,2,4,5,5,3,3,1,,"Coming from a financially challenged background, I see this as a great opportunity to grow professionally and help others in the future."
11/25/2023 05:14,22,Iloilo,No,,No,Postgrad,Electrical Engineering,Engineering,2016.0,,,2025.0,Masters in Data Science,30227.0,25227.0,Employed,Nurse,Engineering,1,,,,,,,,4,3,4,4,5,1,5,2,3,2,5,1,,"I believe in continuous learning, and this program will provide me with the necessary knowledge to improve my career prospects."
10/07/2019 15:24,40,Cagayan de Oro,No,,No,Postgrad,Information Technology,IT,2016.0,,,2027.0,Masters in Data Science,,,Unemployed,,,3,,,,,,,,2,4,5,4,4,4,5,2,5,5,2,3,"Python, Microsoft Power BI, SQL","Coming from a financially challenged background, I see this as a great opportunity to grow professionally and help others in the future."
02/02/2023 01:16,38,Cebu,No,,No,College grad,Political Science,Social Sciences,2014.0,,,,,48839.0,43839.0,Employed,Accountant,Education,5,,,,,,,,5,2,5,1,2,2,1,3,4,3,5,1,"Stats, Stats","I believe in continuous learning, and this program will provide me with the necessary knowledge to improve my career prospects."
05/17/2019 14:01,40,Cebu,No,,No,College grad,Medical Technology,Health Sciences,2019.0,,,,,41417.0,36417.0,Employed,Engineer,IT,0,,,,,,,,1,4,5,4,1,2,3,4,5,4,5,4,,"I believe in continuous learning, and this program will provide me with the necessary knowledge to improve my career prospects."
10/07/2020 13:27,28,Baguio,No,,No,College grad,Sociology,Social Sciences,2017.0,,,,,32817.0,27817.0,Employed,Teacher,Engineering,3,,,,,,,,5,2,4,4,3,3,2,2,3,4,5,2,,"This training is a stepping stone for me to transition into data analysis, a field I have always been interested in."
03/30/2020 04:59,38,Iloilo,No,,No,College grad,Mechanical Engineering,Engineering,2018.0,,,,,37246.0,32246.0,Employed,Teacher,Education,4,,,,,,,,2,3,5,2,4,1,4,2,5,5,4,3,eViews,"Coming from a financially challenged background, I see this as a great opportunity to grow professionally and help others in the future."
04/03/2017 16:06,24,Quezon City,No,,No,Postgrad,Software Engineering,IT,2016.0,,,2026.0,Masters in Data Science,,,Unemployed,,,2,,,,,,,,3,3,3,1,5,5,4,4,2,1,5,2,,"With this opportunity, I can enhance my skills and use data-driven decision-making to help organizations grow."
05/24/2017 14:52,25,Manila,No,,No,College grad,Electrical Engineering,Engineering,2018.0,,,,,33151.0,28151.0,Employed,Software Developer,Business,5,,,,,,,,3,5,4,5,5,3,2,2,4,1,4,5,"R, Microsoft Excel, Tableau","With this opportunity, I can enhance my skills and use data-driven decision-making to help organizations grow."
09/03/2024 12:02,32,Zamboanga,No,,No,College grad,Business Administration,Business,2023.0,,,,,47846.0,42846.0,Employed,Accountant,IT,5,,,,,,,,1,5,5,1,2,5,3,1,5,1,2,3,,"With this opportunity, I can enhance my skills and use data-driven decision-making to help organizations grow."
06/16/2017 08:09,39,Cagayan de Oro,No,,No,College grad,Nursing,Health Sciences,2023.0,,,,,30533.0,25533.0,Employed,Engineer,Business,4,,,,,,,,3,4,2,1,2,3,1,5,4,5,2,5,"Microsoft Excel, Matlab, eViews","This training is a stepping stone for me to transition into data analysis, a field I have always been interested in."
09/01/2019 17:03,32,Zamboanga,No,,No,College grad,Political Science,Social Sciences,2021.0,,,,,29320.0,24320.0,Employed,Marketing Analyst,Education,1,,,,,,,,2,4,1,4,5,1,3,3,5,4,2,1,,"This training is a stepping stone for me to transition into data analysis, a field I have always been interested in."
03/09/2022 00:17,25,Davao,No,,No,College grad,Information Technology,IT,2012.0,,,,,29323.0,24323.0,Employed,Nurse,Engineering,3,,,,,,,,4,3,2,1,3,3,1,1,5,5,2,1,"Stats, SQL",I am passionate about data science and eager to learn. This scholarship will allow me to advance my career and contribute to my field.
04/14/2017 14:15,38,Davao,No,,No,Postgrad,Business Administration,Business,2016.0,,,2026.0,Masters in Data Science,,,Unemployed,,,0,,,,,,,,5,5,3,1,2,3,2,2,1,2,1,3,"eViews, eViews, Matlab","This training is a stepping stone for me to transition into data analysis, a field I have always been interested in."
10/16/2021 08:02,28,Davao,No,,No,College grad,Education,Education,2020.0,,,,,,,Unemployed,,,0,,,,,,,,4,2,2,4,3,3,3,2,1,3,4,4,Microsoft Power BI,"Coming from a financially challenged background, I see this as a great opportunity to grow professionally and help others in the future."
12/13/2017 03:02,22,Davao,No,,No,College grad,Early Childhood Education,Education,2017.0,,,,,47316.0,42316.0,Employed,Software Developer,Engineering,0,,,,,,,,2,2,5,3,2,2,1,5,5,2,4,4,"Tableau, SQL","This training is a stepping stone for me to transition into data analysis, a field I have always been interested in."
07/06/2020 08:07,26,Iloilo,No,,No,College grad,Education,Education,2017.0,,,,,33642.0,28642.0,Employed,Data Analyst,Business,0,,,,,,,,4,2,5,2,5,1,5,2,1,4,3,4,,"Coming from a financially challenged background, I see this as a great opportunity to grow professionally and help others in the future."
08/10/2018 11:07,34,Bacolod,No,,No,College grad,Business Administration,Business,2020.0,,,,,41166.0,36166.0,Employed,Nurse,Business,4,,,,,,,,2,2,3,4,4,4,5,4,2,3,4,4,,"Coming from a financially challenged background, I see this as a great opportunity to grow professionally and help others in the future."
01/07/2020 04:06,34,Cagayan de Oro,No,,No,College grad,Accounting,Business,2012.0,,,,,,,Unemployed,,,5,,,,,,,,3,1,4,1,2,3,1,4,1,4,4,1,,I am passionate about data science and eager to learn. This scholarship will allow me to advance my career and contribute to my field.
08/22/2022 13:55,39,Bacolod,No,,No,College grad,Political Science,Social Sciences,2019.0,,,,,32912.0,27912.0,Employed,Marketing Analyst,Social Sciences,4,,,,,,,,1,1,5,2,1,4,1,2,1,2,3,2,,"I believe in continuous learning, and this program will provide me with the necessary knowledge to improve my career prospects."
02/12/2022 19:18,40,Makati,No,,No,College grad,Nursing,Health Sciences,2021.0,,,,,40128.0,35128.0,Employed,Marketing Analyst,Business,4,,,,,,,,5,5,5,3,2,2,4,5,4,5,3,5,R,I am passionate about data science and eager to learn. This scholarship will allow me to advance my career and contribute to my field.
09/20/2017 19:10,26,Baguio,No,,No,College grad,Marketing,Business,2015.0,,,,,,,Unemployed,,,4,,,,,,,,2,4,1,2,1,1,3,2,4,4,4,1,,I am passionate about data science and eager to learn. This scholarship will allow me to advance my career and contribute to my field.
04/06/2019 05:59,28,Cebu,No,,No,College grad,Mathematics Education,Education,2011.0,,,,,43223.0,38223.0,Employed,Engineer,Engineering,4,,,,,,,,5,3,2,4,1,4,4,2,4,5,4,2,"Microsoft Excel, SQL","Coming from a financially challenged background, I see this as a great opportunity to grow professionally and help others in the future."
11/19/2018 15:30,24,Cebu,No,,No,Postgrad,Mathematics Education,Education,2016.0,,,2025.0,Masters in Data Science,,,Unemployed,,,4,,,,,,,,1,5,3,4,4,5,3,1,5,5,3,3,R,"Coming from a financially challenged background, I see this as a great opportunity to grow professionally and help others in the future."
08/28/2021 19:33,32,Makati,No,,No,College grad,Mechanical Engineering,Engineering,2017.0,,,,,31958.0,26958.0,Employed,Software Developer,Health Sciences,1,,,,,,,,2,3,1,3,4,4,5,3,5,5,2,4,Microsoft Power BI,"With this opportunity, I can enhance my skills and use data-driven decision-making to help organizations grow."
08/08/2021 01:22,38,Zamboanga,No,,No,Postgrad,Psychology,Social Sciences,2016.0,,,2024.0,Masters in Data Science,,,Unemployed,,,4,,,,,,,,3,4,1,1,1,2,3,1,3,5,3,5,Matlab,I am passionate about data science and eager to learn. This scholarship will allow me to advance my career and contribute to my field.
01/07/2018 07:18,23,Cebu,No,,No,College grad,Electrical Engineering,Engineering,2014.0,,,,,,,Unemployed,,,3,,,,,,,,3,4,3,1,3,3,2,4,4,5,3,2,R,I am passionate about data science and eager to learn. This scholarship will allow me to advance my career and contribute to my field.
08/04/2023 22:52,20,Makati,No,,No,College grad,Mathematics Education,Education,2014.0,,,,,,,Unemployed,,,4,,,,,,,,5,3,5,2,3,4,1,5,1,1,5,2,,"With this opportunity, I can enhance my skills and use data-driven decision-making to help organizations grow."
09/09/2021 18:29,30,Baguio,No,,No,College grad,Accounting,Business,2023.0,,,,,25500.0,20500.0,Employed,Engineer,IT,5,,,,,,,,4,1,1,5,1,2,5,3,4,2,5,2,"SPSS, R, SAS","This training is a stepping stone for me to transition into data analysis, a field I have always been interested in."
09/23/2018 17:59,40,Davao,No,,No,College grad,Pharmacy,Health Sciences,2015.0,,,,,42770.0,37770.0,Employed,Marketing Analyst,IT,3,,,,,,,,3,2,2,1,5,2,4,5,5,1,4,1,"SPSS, Java, SQL",I am passionate about data science and eager to learn. This scholarship will allow me to advance my career and contribute to my field.
01/12/2021 21:36,23,Iloilo,No,,No,College grad,Computer Science,IT,2021.0,,,,,31181.0,26181.0,Employed,Nurse,IT,3,,,,,,,,1,1,1,5,5,4,1,5,1,3,2,2,SAS,"This training is a stepping stone for me to transition into data analysis, a field I have always been interested in."
02/10/2019 16:46,26,Baguio,No,,No,College grad,Medical Technology,Health Sciences,2022.0,,,,,25950.0,20950.0,Employed,Software Developer,Business,5,,,,,,,,5,5,1,1,2,1,5,1,2,4,5,3,,"Coming from a financially challenged background, I see this as a great opportunity to grow professionally and help others in the future."
01/18/2023 15:21,29,Bacolod,No,,No,Postgrad,Pharmacy,Health Sciences,2016.0,,,2027.0,Masters in Data Science,48120.0,43120.0,Employed,Data Analyst,Health Sciences,0,,,,,,,,2,4,5,4,2,2,2,3,4,2,5,5,,"I believe in continuous learning, and this program will provide me with the necessary knowledge to improve my career prospects."
12/19/2019 23:09,36,Bacolod,No,,No,College grad,Medical Technology,Health Sciences,2014.0,,,,,38143.0,33143.0,Employed,Data Analyst,Health Sciences,0,,,,,,,,2,4,4,2,1,2,4,4,5,1,5,2,"R, Tableau, Microsoft Excel",I am passionate about data science and eager to learn. This scholarship will allow me to advance my career and contribute to my field.
02/03/2021 22:40,20,Cagayan de Oro,No,,No,Postgrad,Marketing,Business,2016.0,,,2026.0,Masters in Data Science,47257.0,42257.0,Employed,Data Analyst,Health Sciences,2,,,,,,,,3,5,1,1,2,4,2,3,1,4,1,4,"SAS, Python, Microsoft Power BI","With this opportunity, I can enhance my skills and use data-driven decision-making to help organizations grow."
08/30/2023 03:37,31,Baguio,No,,No,College grad,Information Technology,IT,2023.0,,,,,31383.0,26383.0,Employed,Engineer,Education,2,,,,,,,,4,4,2,5,1,4,1,3,2,3,1,5,,"I believe in continuous learning, and this program will provide me with the necessary knowledge to improve my career prospects."
12/29/2017 19:53,21,Iloilo,No,,No,College grad,Business Administration,Business,2016.0,,,,,45106.0,40106.0,Employed,Engineer,Health Sciences,0,,,,,,,,5,2,1,2,5,4,4,2,5,1,5,1,"Java, SPSS","With this opportunity, I can enhance my skills and use data-driven decision-making to help organizations grow."
06/24/2023 01:51,36,Makati,No,,No,College grad,Mechanical Engineering,Engineering,2010.0,,,,,36725.0,31725.0,Employed,Software Developer,IT,5,,,,,,,,1,2,4,2,1,3,2,3,1,4,5,2,,"Coming from a financially challenged background, I see this as a great opportunity to grow professionally and help others in the future."
10/25/2017 20:13,36,Iloilo,No,,No,College grad,Mechanical Engineering,Engineering,2015.0,,,,,,,Unemployed,,,3,,,,,,,,5,3,2,2,3,5,1,1,1,4,5,3,"SPSS, Java, SAS","This training is a stepping stone for me to transition into data analysis, a field I have always been interested in."
07/04/2018 16:29,38,Manila,No,,No,College grad,Early Childhood Education,Education,2013.0,,,,,,,Unemployed,,,3,,,,,,,,3,1,1,1,1,4,2,1,4,5,2,4,,"I believe in continuous learning, and this program will provide me with the necessary knowledge to improve my career prospects."
02/08/2020 07:59,32,Makati,No,,No,Postgrad,Early Childhood Education,Education,2016.0,,,2027.0,Masters in Data Science,45336.0,40336.0,Employed,Engineer,Business,5,,,,,,,,5,5,2,2,5,5,4,5,4,2,3,1,"R, eViews, Matlab","With this opportunity, I can enhance my skills and use data-driven decision-making to help organizations grow."
06/12/2019 08:02,27,Quezon City,No,,No,College grad,Sociology,Social Sciences,2014.0,,,,,29283.0,24283.0,Employed,Engineer,IT,4,,,,,,,,2,3,1,3,4,3,1,5,3,3,2,4,,I am passionate about data science and eager to learn. This scholarship will allow me to advance my career and contribute to my field.
03/14/2021 14:03,24,Bacolod,No,,No,College grad,Political Science,Social Sciences,2019.0,,,,,,,Unemployed,,,2,,,,,,,,3,5,1,5,5,2,5,3,1,4,3,4,"SAS, Microsoft Excel","Coming from a financially challenged background, I see this as a great opportunity to grow professionally and help others in the future."
10/29/2018 09:34,22,Bacolod,No,,No,College grad,Medical Technology,Health Sciences,2012.0,,,,,30204.0,25204.0,Employed,Data Analyst,Business,3,,,,,,,,3,3,5,3,5,1,5,4,5,2,4,2,"eViews, eViews","With this opportunity, I can enhance my skills and use data-driven decision-making to help organizations grow."
02/07/2023 16:41,32,Bacolod,No,,No,College grad,Accounting,Business,2013.0,,,,,37257.0,32257.0,Employed,Accountant,IT,1,,,,,,,,1,5,1,2,2,1,1,3,1,5,2,4,"Microsoft Excel, SQL, Python","With this opportunity, I can enhance my skills and use data-driven decision-making to help organizations grow."
08/19/2020 12:46,34,Cebu,No,,No,College grad,Civil Engineering,Engineering,2013.0,,,,,25664.0,20664.0,Employed,Marketing Analyst,Education,5,,,,,,,,4,3,3,3,3,4,1,1,1,4,3,2,,"I believe in continuous learning, and this program will provide me with the necessary knowledge to improve my career prospects."
06/12/2020 16:50,22,Makati,No,,No,College grad,Medical Technology,Health Sciences,2021.0,,,,,,,Unemployed,,,4,,,,,,,,3,5,4,2,2,3,4,4,1,3,2,5,,"Coming from a financially challenged background, I see this as a great opportunity to grow professionally and help others in the future."
09/24/2018 18:48,37,Manila,No,,No,College grad,Software Engineering,IT,2014.0,,,,,29000.0,24000.0,Employed,Engineer,IT,5,,,,,,,,5,5,2,3,3,2,5,1,1,4,4,3,,"I believe in continuous learning, and this program will provide me with the necessary knowledge to improve my career prospects."
12/26/2022 16:46,24,Zamboanga,No,,No,College grad,Political Science,Social Sciences,2010.0,,,,,,,Unemployed,,,2,,,,,,,,1,2,4,3,5,3,4,3,2,3,3,4,,"This training is a stepping stone for me to transition into data analysis, a field I have always been interested in."
08/17/2022 00:20,26,Manila,No,,No,College grad,Nursing,Health Sciences,2023.0,,,,,,,Unemployed,,,0,,,,,,,,3,3,1,1,2,4,3,5,4,3,4,5,"Tableau, Java, SQL","This training is a stepping stone for me to transition into data analysis, a field I have always been interested in."
11/27/2024 21:31,37,Manila,No,,No,College grad,Marketing,Business,2017.0,,,,,41829.0,36829.0,Employed,Software Developer,Business,0,,,,,,,,4,4,1,2,2,2,4,2,1,2,5,2,,I am passionate about data science and eager to learn. This scholarship will allow me to advance my career and contribute to my field.
11/24/2020 08:55,38,Zamboanga,No,,No,College grad,Information Technology,IT,2014.0,,,,,,,Unemployed,,,4,,,,,,,,5,3,4,4,1,5,2,1,1,3,1,5,SQL,"With this opportunity, I can enhance my skills and use data-driven decision-making to help organizations grow."
04/27/2024 17:02,38,Davao,No,,No,Postgrad,Early Childhood Education,Education,2016.0,,,2026.0,Masters in Data Science,45732.0,40732.0,Employed,Marketing Analyst,Business,2,,,,,,,,5,1,2,5,4,4,1,1,1,4,2,3,R,"With this opportunity, I can enhance my skills and use data-driven decision-making to help organizations grow."
11/09/2018 08:34,33,Quezon City,No,,No,College grad,Psychology,Social Sciences,2020.0,,,,,30169.0,25169.0,Employed,Engineer,Health Sciences,1,,,,,,,,5,1,2,5,2,3,3,1,3,1,5,5,"R, Microsoft Power BI, Microsoft Excel","Coming from a financially challenged background, I see this as a great opportunity to grow professionally and help others in the future."
11/27/2022 13:26,35,Quezon City,No,,No,College grad,Medical Technology,Health Sciences,2017.0,,,,,26671.0,21671.0,Employed,Data Analyst,Engineering,5,,,,,,,,3,5,4,4,5,3,4,1,1,1,3,2,,"I believe in continuous learning, and this program will provide me with the necessary knowledge to improve my career prospects."
03/16/2022 14:50,25,Makati,No,,No,Postgrad,Psychology,Social Sciences,2016.0,,,2024.0,Masters in Data Science,,,Unemployed,,,1,,,,,,,,3,4,5,2,5,4,3,3,2,4,3,3,,"With this opportunity, I can enhance my skills and use data-driven decision-making to help organizations grow."
12/31/2020 09:47,24,Cagayan de Oro,No,,No,College grad,Business Administration,Business,2010.0,,,,,,,Unemployed,,,4,,,,,,,,5,3,1,5,4,5,3,2,2,5,3,2,,"With this opportunity, I can enhance my skills and use data-driven decision-making to help organizations grow."
04/06/2024 23:09,30,Manila,No,,No,College grad,Pharmacy,Health Sciences,2012.0,,,,,30543.0,25543.0,Employed,Nurse,Social Sciences,2,,,,,,,,2,4,2,1,5,2,4,2,2,5,5,5,"Microsoft Power BI, Matlab, SQL","This training is a stepping stone for me to transition into data analysis, a field I have always been interested in."
10/31/2021 04:13,23,Zamboanga,No,,No,Postgrad,Electrical Engineering,Engineering,2016.0,,,2024.0,Masters in Data Science,27007.0,22007.0,Employed,Software Developer,Business,0,,,,,,,,4,4,1,3,2,3,3,3,3,3,4,3,"Matlab, Microsoft Power BI",I am passionate about data science and eager to learn. This scholarship will allow me to advance my career and contribute to my field.
09/18/2018 21:27,25,Zamboanga,No,,No,College grad,Mathematics Education,Education,2023.0,,,,,26840.0,21840.0,Employed,Nurse,IT,2,,,,,,,,1,3,4,2,4,5,1,2,3,3,4,3,,"Coming from a financially challenged background, I see this as a great opportunity to grow professionally and help others in the future."
12/06/2018 06:20,40,Iloilo,No,,No,Postgrad,Civil Engineering,Engineering,2016.0,,,2027.0,Masters in Data Science,,,Unemployed,,,0,,,,,,,,4,4,4,2,1,5,5,4,5,3,2,4,,I am passionate about data science and eager to learn. This scholarship will allow me to advance my career and contribute to my field.
01/27/2023 18:11,29,Iloilo,No,,No,College grad,Nursing,Health Sciences,2022.0,,,,,,,Unemployed,,,0,,,,,,,,3,5,4,4,5,5,4,1,1,3,1,3,,I am passionate about data science and eager to learn. This scholarship will allow me to advance my career and contribute to my field.
02/11/2024 02:19,39,Baguio,No,,No,College grad,Accounting,Business,2022.0,,,,,,,Unemployed,,,0,,,,,,,,2,4,4,4,5,3,2,3,4,4,4,2,,I am passionate about data science and eager to learn. This scholarship will allow me to advance my career and contribute to my field.
04/18/2018 06:52,26,Makati,No,,No,College grad,Accounting,Business,2021.0,,,,,,,Unemployed,,,4,,,,,,,,1,3,4,4,2,3,4,5,2,5,3,1,eViews,"I believe in continuous learning, and this program will provide me with the necessary knowledge to improve my career prospects."
01/03/2018 22:14,33,Bacolod,No,,No,College grad,Computer Science,IT,2023.0,,,,,,,Unemployed,,,5,,,,,,,,1,3,1,1,1,2,5,3,3,3,2,4,,"This training is a stepping stone for me to transition into data analysis, a field I have always been interested in."
12/10/2022 17:45,32,Makati,No,,No,College grad,Nursing,Health Sciences,2023.0,,,,,,,Unemployed,,,3,,,,,,,,4,2,5,1,4,3,2,3,1,1,5,3,,"With this opportunity, I can enhance my skills and use data-driven decision-making to help organizations grow."
01/31/2022 06:04,20,Iloilo,No,,No,College grad,Marketing,Business,2023.0,,,,,33757.0,28757.0,Employed,Engineer,Education,3,,,,,,,,4,5,4,2,5,3,2,3,4,4,3,1,"Matlab, SAS, Java","With this opportunity, I can enhance my skills and use data-driven decision-making to help organizations grow."
09/22/2022 02:11,22,Davao,No,,No,College grad,Nursing,Health Sciences,2010.0,,,,,,,Unemployed,,,4,,,,,,,,3,2,2,5,1,3,2,1,5,3,1,3,,"With this opportunity, I can enhance my skills and use data-driven decision-making to help organizations grow."
11/20/2019 14:18,35,Cagayan de Oro,No,,No,Postgrad,Medical Technology,Health Sciences,2016.0,,,2025.0,Masters in Data Science,,,Unemployed,,,3,,,,,,,,5,3,5,5,5,3,3,1,3,1,2,5,R,"This training is a stepping stone for me to transition into data analysis, a field I have always been interested in."
07/23/2020 17:26,38,Cebu,No,,No,College grad,Sociology,Social Sciences,2022.0,,,,,30671.0,25671.0,Employed,Data Analyst,IT,3,,,,,,,,4,3,4,3,2,4,1,3,4,1,5,4,,"This training is a stepping stone for me to transition into data analysis, a field I have always been interested in."
11/14/2022 01:51,22,Cebu,No,,No,College grad,Civil Engineering,Engineering,2015.0,,,,,35269.0,30269.0,Employed,Data Analyst,IT,2,,,,,,,,5,5,5,5,3,1,4,1,5,3,2,2,Tableau,"I believe in continuous learning, and this program will provide me with the necessary knowledge to improve my career prospects."
03/25/2017 08:38,20,Manila,No,,No,College grad,Marketing,Business,2011.0,,,,,,,Unemployed,,,0,,,,,,,,2,2,1,1,1,3,4,2,5,2,2,3,,"This training is a stepping stone for me to transition into data analysis, a field I have always been interested in."
09/10/2021 20:37,35,Davao,No,,No,College grad,Computer Science,IT,2016.0,,,,,,,Unemployed,,,2,,,,,,,,2,4,1,3,2,1,3,5,5,3,3,4,"SQL, Python","With this opportunity, I can enhance my skills and use data-driven decision-making to help organizations grow."
01/06/2023 04:10,31,Zamboanga,No,,No,College grad,Education,Education,2010.0,,,,,43949.0,38949.0,Employed,Software Developer,Engineering,2,,,,,,,,1,4,4,2,5,5,1,3,3,4,4,2,,"I believe in continuous learning, and this program will provide me with the necessary knowledge to improve my career prospects."
11/22/2022 14:24,20,Quezon City,No,,No,College grad,Mechanical Engineering,Engineering,2012.0,,,,,35562.0,30562.0,Employed,Marketing Analyst,Social Sciences,1,,,,,,,,4,2,3,3,4,3,5,5,2,3,4,3,"Matlab, Stats",I am passionate about data science and eager to learn. This scholarship will allow me to advance my career and contribute to my field.
03/20/2020 19:41,38,Quezon City,No,,No,Postgrad,Sociology,Social Sciences,2016.0,,,2027.0,Masters in Data Science,29181.0,24181.0,Employed,Engineer,IT,0,,,,,,,,1,4,3,3,1,2,2,4,2,4,5,1,,"Coming from a financially challenged background, I see this as a great opportunity to grow professionally and help others in the future."
05/24/2024 21:49,33,Quezon City,No,,No,College grad,Mathematics Education,Education,2018.0,,,,,39358.0,34358.0,Employed,Software Developer,Health Sciences,3,,,,,,,,1,4,3,2,4,3,2,3,2,2,5,1,,"This training is a stepping stone for me to transition into data analysis, a field I have always been interested in."
03/13/2018 02:30,38,Quezon City,No,,No,College grad,Early Childhood Education,Education,2010.0,,,,,,,Unemployed,,,3,,,,,,,,4,1,4,3,1,2,1,2,4,2,2,1,,"Coming from a financially challenged background, I see this as a great opportunity to grow professionally and help others in the future."
02/10/2019 18:36,37,Baguio,No,,No,College grad,Electrical Engineering,Engineering,2020.0,,,,,39835.0,34835.0,Employed,Marketing Analyst,Social Sciences,4,,,,,,,,4,1,2,3,5,4,1,2,5,1,4,4,"Matlab, Microsoft Excel, eViews","This training is a stepping stone for me to transition into data analysis, a field I have always been interested in."
06/24/2018 21:26,22,Davao,No,,No,College grad,Mechanical Engineering,Engineering,2013.0,,,,,29878.0,24878.0,Employed,Engineer,Social Sciences,2,,,,,,,,2,1,2,1,2,1,4,5,3,4,4,4,"eViews, Tableau, eViews","Coming from a financially challenged background, I see this as a great opportunity to grow professionally and help others in the future."
